Unique Key;Created Date;Agency Name;Complaint Type;Incident Address;Status;Borough;Latitude;Longitude
61754152;2024-07-09 12:08:00;DEP;Water System;886 BROADWAY;Closed;BROOKLYN;40.698101841859376;-73.93725672896107
61754508;2024-07-09 12:01:06;HPD;APPLIANCE;204 EAST   96 STREET;Closed;BROOKLYN;40.66153484338518;-73.92196893141944
61754534;2024-07-09 23:54:14;HPD;ELECTRIC;460 WEST  149 STREET;Closed;MANHATTAN;40.82743255982856;-73.94495408753242
61754541;2024-07-09 09:40:24;HPD;ELECTRIC;2213 BATH AVENUE;Closed;BROOKLYN;40.59828839711001;-73.99694278645143
61754542;2024-07-09 23:48:13;HPD;ELECTRIC;2230 UNIVERSITY AVENUE;Closed;BRONX;40.85901181287443;-73.90829638668836
61754577;2024-07-09 23:26:48;HPD;HEAT/HOT WATER;109 LUDLOW STREET;Closed;MANHATTAN;40.71932169072983;-73.98875543013526
61754602;2024-07-09 12:01:06;HPD;PAINT/PLASTER;204 EAST   96 STREET;Closed;BROOKLYN;40.66153484338518;-73.92196893141944
61754616;2024-07-09 10:11:55;HPD;PAINT/PLASTER;664 EAST  213 STREET;Closed;BRONX;40.87952026199545;-73.86622985952741
61754623;2024-07-09 10:11:55;HPD;PAINT/PLASTER;664 EAST  213 STREET;Closed;BRONX;40.87952026199545;-73.86622985952741
61754644;2024-07-09 10:11:55;HPD;PLUMBING;664 EAST  213 STREET;Closed;BRONX;40.87952026199545;-73.86622985952741
61754658;2024-07-09 18:10:14;HPD;PLUMBING;1561 UNIONPORT ROAD;Closed;BRONX;40.83926628518858;-73.86143912103417
61754671;2024-07-09 11:15:53;HPD;UNSANITARY CONDITION;368 87 STREET;Closed;BROOKLYN;40.622312549346425;-74.02963574708608
61754686;2024-07-09 15:01:55;HPD;UNSANITARY CONDITION;88-73 193 STREET;Closed;QUEENS;40.71481493058528;-73.76802446320936
61754690;2024-07-09 12:01:06;HPD;UNSANITARY CONDITION;204 EAST   96 STREET;Closed;BROOKLYN;40.66153484338518;-73.92196893141944
61754702;2024-07-09 21:12:28;HPD;UNSANITARY CONDITION;330 EAST   19 STREET;Closed;BROOKLYN;40.64213527251177;-73.96073817503118
61754717;2024-07-09 10:11:55;HPD;UNSANITARY CONDITION;664 EAST  213 STREET;Closed;BRONX;40.87952026199545;-73.86622985952741
61754719;2024-07-09 10:45:54;HPD;UNSANITARY CONDITION;83 EAST   18 STREET;Closed;BROOKLYN;40.64915444013738;-73.96301158537081
61754730;2024-07-09 11:12:28;HPD;WATER LEAK;721 49 STREET;Closed;BROOKLYN;40.6426222171406;-74.00467714932387
61754753;2024-07-09 18:25:47;HPD;DOOR/WINDOW;54 ELDRIDGE STREET;Closed;MANHATTAN;40.7161106577715;-73.99299818460548
61754764;2024-07-09 12:01:06;HPD;APPLIANCE;204 EAST   96 STREET;Closed;BROOKLYN;40.66153484338518;-73.92196893141944
61402628;2024-06-07 12:49:34;NYPD;Encampment;125 EAST   17 STREET;Closed;MANHATTAN;40.735770843061886;-73.98711083761835
61402642;2024-06-07 12:48:26;DHS;Homeless Person Assistance;545 5 AVENUE;Closed;MANHATTAN;40.75516408387343;-73.97918797657142
61755725;2024-07-09 18:03:51;HPD;APPLIANCE;2056 HONEYWELL AVENUE;Closed;BRONX;40.84412375583244;-73.88314714774198
61755731;2024-07-09 21:12:28;HPD;DOOR/WINDOW;330 EAST   19 STREET;Closed;BROOKLYN;40.64213527251177;-73.96073817503118
61755739;2024-07-09 11:15:53;HPD;DOOR/WINDOW;368 87 STREET;Closed;BROOKLYN;40.622312549346425;-74.02963574708608
61755749;2024-07-09 21:55:07;HPD;ELECTRIC;76 ST NICHOLAS PLACE;Closed;MANHATTAN;40.829461589531974;-73.94079691863257
61755758;2024-07-09 05:04:32;HPD;ELECTRIC;3120 BRIGHTON    5 STREET;Closed;BROOKLYN;40.57678496246616;-73.96226690651686
61755777;2024-07-09 20:22:41;HPD;GENERAL;118 VERMILYEA AVENUE;Closed;MANHATTAN;40.86643225721365;-73.92152604037267
61755819;2024-07-09 14:31:43;HPD;PAINT/PLASTER;45 FAIRVIEW AVENUE;Closed;MANHATTAN;40.85741279181908;-73.92943181839
61755830;2024-07-09 14:51:09;HPD;PAINT/PLASTER;44 HANCOCK STREET;Closed;BROOKLYN;40.6820720413488;-73.9539543815905
61755835;2024-07-09 18:52:38;HPD;PAINT/PLASTER;1048 SHERIDAN AVENUE;Closed;BRONX;40.830606451220866;-73.91877503354094
61755838;2024-07-09 14:05:00;HPD;PAINT/PLASTER;101 LENOX ROAD;Closed;BROOKLYN;40.65381522834778;-73.9556641395125
61755855;2024-07-09 22:33:58;HPD;PLUMBING;1113 AVENUE O;Closed;BROOKLYN;40.61258274801683;-73.96262485380115
61755877;2024-07-09 18:07:12;HPD;PLUMBING;1561 UNIONPORT ROAD;Closed;BRONX;40.83926628518858;-73.86143912103417
61755878;2024-07-09 19:14:38;HPD;PLUMBING;1314 LAFAYETTE AVENUE;Closed;BRONX;40.81687750788494;-73.8864392732609
61755879;2024-07-09 19:35:47;HPD;PLUMBING;1314 LAFAYETTE AVENUE;Closed;BRONX;40.81687750788494;-73.8864392732609
61755896;2024-07-09 22:40:04;HPD;UNSANITARY CONDITION;867 KNICKERBOCKER AVENUE;Closed;BROOKLYN;40.69142671526709;-73.90536442486746
61755900;2024-07-09 17:21:15;HPD;UNSANITARY CONDITION;120-62 NASHVILLE BOULEVARD;Closed;QUEENS;40.689840006927746;-73.74832929598858
61755907;2024-07-09 14:07:45;HPD;UNSANITARY CONDITION;1733 1 AVENUE;Closed;MANHATTAN;40.779236435607515;-73.94766588054574
61755908;2024-07-09 14:05:00;HPD;UNSANITARY CONDITION;101 LENOX ROAD;Closed;BROOKLYN;40.65381522834778;-73.9556641395125
61755909;2024-07-09 12:21:50;HPD;UNSANITARY CONDITION;355 SOUTH    3 STREET;Closed;BROOKLYN;40.709198370524305;-73.95341984970467
61402876;2024-06-07 19:11:00;DEP;Noise;1348 WEBSTER AVENUE;Closed;BRONX;40.83509422338308;-73.9080294101681
61402880;2024-06-07 20:32:00;DEP;Noise;4265 WEBSTER AVENUE;Closed;BRONX;40.89792997096746;-73.86248156626377
61755911;2024-07-09 16:29:36;HPD;UNSANITARY CONDITION;2620 ADAM C POWELL BOULEVARD;Closed;MANHATTAN;40.8255232445412;-73.93625133328511
61755940;2024-07-09 22:40:04;HPD;UNSANITARY CONDITION;867 KNICKERBOCKER AVENUE;Closed;BROOKLYN;40.69142671526709;-73.90536442486746
61755958;2024-07-09 18:36:37;HPD;WATER LEAK;140-70 ASH AVENUE;Closed;QUEENS;40.75601684711122;-73.82219304448839
61755961;2024-07-09 12:21:50;HPD;WATER LEAK;355 SOUTH    3 STREET;Closed;BROOKLYN;40.709198370524305;-73.95341984970467
61755970;2024-07-09 14:41:33;HPD;HEAT/HOT WATER;1315 LAFAYETTE AVENUE;Closed;BRONX;40.81691579863013;-73.88630192186778
61755987;2024-07-09 14:05:00;HPD;DOOR/WINDOW;101 LENOX ROAD;Closed;BROOKLYN;40.65381522834778;-73.9556641395125
61755993;2024-07-09 10:42:21;HPD;APPLIANCE;307 EAST  170 STREET;Closed;BRONX;40.837420830027206;-73.91036077535611
54896252;2022-06-07 11:56:51;DSNY;Lot Condition;LINWOOD STREET;Closed;BROOKLYN;40.673861127076464;-73.88258385889506
61756147;2024-07-09 19:20:49;DOHMH;Rodent;670 RIVERSIDE DRIVE;Closed;MANHATTAN;40.826505438270864;-73.95245608426345
61756960;2024-07-09 14:26:53;HPD;DOOR/WINDOW;1556 ATLANTIC AVENUE;Closed;BROOKLYN;40.677923719846824;-73.93994720993159
61756977;2024-07-09 12:01:06;HPD;ELECTRIC;204 EAST   96 STREET;Closed;BROOKLYN;40.66153484338518;-73.92196893141944
61756988;2024-07-09 16:20:05;HPD;ELECTRIC;5 EAST   93 STREET;Closed;BROOKLYN;40.66260867635893;-73.92710399053617
61757000;2024-07-09 09:21:44;HPD;FLOORING/STAIRS;60 WEST  142 STREET;Closed;MANHATTAN;40.81798635263026;-73.93643919542686
61757001;2024-07-09 10:45:54;HPD;FLOORING/STAIRS;83 EAST   18 STREET;Closed;BROOKLYN;40.64915444013738;-73.96301158537081
61757019;2024-07-09 11:44:51;HPD;GENERAL;1001 EAST TREMONT AVENUE;Closed;BRONX;40.840597716908164;-73.88135353081647
61757017;2024-07-09 11:48:03;HPD;GENERAL;427 57 STREET;Closed;BROOKLYN;40.642072263258875;-74.01584740623332
61757023;2024-07-09 16:13:07;HPD;GENERAL;1001 EAST TREMONT AVENUE;Closed;BRONX;40.840597716908164;-73.88135353081647
61757048;2024-07-09 22:27:24;HPD;HEAT/HOT WATER;84-53 DANA COURT;Closed;QUEENS;40.723054310706374;-73.86866164725193
61757050;2024-07-09 22:56:29;HPD;HEAT/HOT WATER;3075 HEATH AVENUE;Closed;BRONX;40.87762640571195;-73.90170027928347
61757065;2024-07-09 20:03:25;HPD;PAINT/PLASTER;89-20 150 STREET;Closed;QUEENS;40.70440486640628;-73.80553070529282
61757094;2024-07-09 18:52:38;HPD;PLUMBING;1048 SHERIDAN AVENUE;Closed;BRONX;40.830606451220866;-73.91877503354094
61757105;2024-07-09 16:29:31;HPD;PLUMBING;675 LINCOLN AVENUE;Closed;BROOKLYN;40.67267423805446;-73.8664356464594
61757118;2024-07-09 09:02:09;HPD;PLUMBING;1001 EAST TREMONT AVENUE;Closed;BRONX;40.840597716908164;-73.88135353081647
61757122;2024-07-09 16:17:27;HPD;PLUMBING;1314 LAFAYETTE AVENUE;Closed;BRONX;40.81687750788494;-73.8864392732609
61757124;2024-07-09 18:07:22;HPD;PLUMBING;1314 LAFAYETTE AVENUE;Closed;BRONX;40.81687750788494;-73.8864392732609
61757169;2024-07-09 16:32:41;HPD;UNSANITARY CONDITION;1451 PROSPECT AVENUE;Closed;BRONX;40.834280633282596;-73.89692553326749
44221616;2019-11-03 19:27:00;DSNY;Request Large Bulky Item Collection;144-05 68 DRIVE;Closed;QUEENS;40.73208841222246;-73.82420532018055
61757230;2024-07-09 17:46:45;HPD;HEAT/HOT WATER;1825 BOSTON ROAD;Closed;BRONX;40.838877939751406;-73.88520910453818
54917998;2022-07-26 16:57:55;DPR;Damaged Tree;91-48 85 STREET;Closed;QUEENS;40.6869055486595;-73.85700334908086
54918030;2022-07-26 21:26:21;DPR;Overgrown Tree/Branches;87-19 78 STREET;Closed;QUEENS;40.690687570802375;-73.86355807238691
61757848;2024-07-10 11:40:45;DSNY;Graffiti;168 FORSYTH STREET;Closed;MANHATTAN;40.7211691427885;-73.99141752543585
61758157;2024-07-10 19:14:15;HPD;APPLIANCE;1401 GRAND CONCOURSE;Closed;BRONX;40.838565326893;-73.9139009192951
61758161;2024-07-10 13:56:16;HPD;APPLIANCE;256 WADSWORTH AVENUE;Closed;MANHATTAN;40.85275157975205;-73.9328454592741
61758174;2024-07-10 12:36:03;HPD;ELECTRIC;159 EAST   96 STREET;Closed;BROOKLYN;40.6626198266009;-73.9231499160619
61758179;2024-07-10 12:51:51;HPD;ELECTRIC;2435 DEVOE TERRACE;Closed;BRONX;40.864313192663545;-73.90657539336519
61758185;2024-07-10 00:35:12;HPD;ELECTRIC;2497 GRAND AVENUE;Closed;BRONX;40.86437809005707;-73.90208862996202
61758186;2024-07-10 13:58:58;HPD;ELECTRIC;3926 BROADWAY;Closed;MANHATTAN;40.83871161234358;-73.94146811381088
61758200;2024-07-10 12:45:13;HPD;FLOORING/STAIRS;540 WEST  189 STREET;Closed;MANHATTAN;40.85358603323482;-73.92838759203849
61758203;2024-07-10 13:55:41;HPD;FLOORING/STAIRS;1767 FULTON AVENUE;Closed;BRONX;40.84286894286368;-73.89704595154036
61758226;2024-07-10 11:25:17;HPD;PAINT/PLASTER;215 WEST  109 STREET;Closed;MANHATTAN;40.80279837410404;-73.96529208341731
61758227;2024-07-10 11:13:09;HPD;PAINT/PLASTER;643 SOUTHERN BOULEVARD;Closed;BRONX;40.81306742054313;-73.90087081278605
61758234;2024-07-10 22:22:36;HPD;PAINT/PLASTER;1419 JESUP AVENUE;Closed;BRONX;40.84165233606424;-73.92044573265363
61758241;2024-07-10 13:55:55;HPD;PAINT/PLASTER;1278 GRAND CONCOURSE;Closed;BRONX;40.83619548096835;-73.9160506050733
61758243;2024-07-10 14:46:17;HPD;PAINT/PLASTER;574 WEST  161 STREET;Closed;MANHATTAN;40.83613463667253;-73.9420775048031
61758275;2024-07-10 13:55:41;HPD;PLUMBING;1767 FULTON AVENUE;Closed;BRONX;40.84286894286368;-73.89704595154036
61758280;2024-07-10 22:42:59;HPD;PLUMBING;3139 BROADWAY;Closed;MANHATTAN;40.81384679464595;-73.95965063190523
61758283;2024-07-10 13:04:02;HPD;UNSANITARY CONDITION;1973 DALY AVENUE;Closed;BRONX;40.84221386879941;-73.88357335985263
61758295;2024-07-10 14:39:37;HPD;UNSANITARY CONDITION;10 WEST  135 STREET;Closed;MANHATTAN;40.81297270285091;-73.93819608236085
61758302;2024-07-10 11:34:13;HPD;UNSANITARY CONDITION;1881 WALTON AVENUE;Closed;BRONX;40.84920587694727;-73.90942318507416
61758349;2024-07-10 19:07:42;HPD;WATER LEAK;535 WEST  155 STREET;Closed;MANHATTAN;40.83202952123814;-73.9440504956282
61758359;2024-07-10 17:11:25;HPD;WATER LEAK;20 WEST  190 STREET;Closed;BRONX;40.86411645884116;-73.90105140846829
61403589;2024-06-07 15:07:50;HPD;PLUMBING;131 EAST   85 STREET;Closed;MANHATTAN;40.77902878939431;-73.95656650005807
61403578;2024-06-07 09:14:21;HPD;PAINT/PLASTER;43-33 48 STREET;Closed;QUEENS;40.7440909052983;-73.91660333306818
61758827;2024-07-10 13:07:11;DSNY;Illegal Dumping;HENDRIX STREET;Closed;BROOKLYN;40.66571688287478;-73.88759417290692
61759425;2024-07-10 12:45:13;HPD;DOOR/WINDOW;540 WEST  189 STREET;Closed;MANHATTAN;40.85358603323482;-73.92838759203849
61759438;2024-07-10 22:22:36;HPD;DOOR/WINDOW;1419 JESUP AVENUE;Closed;BRONX;40.84165233606424;-73.92044573265363
61759466;2024-07-10 13:55:55;HPD;FLOORING/STAIRS;1278 GRAND CONCOURSE;Closed;BRONX;40.83619548096835;-73.9160506050733
61759467;2024-07-10 11:13:09;HPD;FLOORING/STAIRS;643 SOUTHERN BOULEVARD;Closed;BRONX;40.81306742054313;-73.90087081278605
61759501;2024-07-10 09:17:56;HPD;HEAT/HOT WATER;3075 HEATH AVENUE;Closed;BRONX;40.87762640571195;-73.90170027928347
61759502;2024-07-10 20:54:59;HPD;HEAT/HOT WATER;225 EAST  149 STREET;Closed;BRONX;40.81778962689832;-73.92428580158358
61759504;2024-07-10 14:22:22;HPD;HEAT/HOT WATER;958 ANDERSON AVENUE;Closed;BRONX;40.83136179130085;-73.92784779482224
61759506;2024-07-10 10:41:20;HPD;PAINT/PLASTER;414 EAST   77 STREET;Closed;MANHATTAN;40.770779489552176;-73.95309156499654
61759509;2024-07-10 17:14:50;HPD;PAINT/PLASTER;1834 CATON AVENUE;Closed;BROOKLYN;40.65181664036495;-73.96227492447909
61759515;2024-07-10 17:11:25;HPD;PAINT/PLASTER;20 WEST  190 STREET;Closed;BRONX;40.86411645884116;-73.90105140846829
61759522;2024-07-10 12:51:51;HPD;PAINT/PLASTER;2435 DEVOE TERRACE;Closed;BRONX;40.864313192663545;-73.90657539336519
61759543;2024-07-10 11:13:09;HPD;PLUMBING;643 SOUTHERN BOULEVARD;Closed;BRONX;40.81306742054313;-73.90087081278605
61759545;2024-07-10 12:45:13;HPD;PLUMBING;540 WEST  189 STREET;Closed;MANHATTAN;40.85358603323482;-73.92838759203849
61403827;2024-06-07 20:24:21;DOHMH;Rodent;55 EAST   21 STREET;Closed;BROOKLYN;40.65320217107313;-73.96053344640458
61759583;2024-07-10 14:29:49;HPD;UNSANITARY CONDITION;161 EAST  179 STREET;Closed;BRONX;40.85133278568752;-73.90570080440538
61759588;2024-07-10 16:18:05;HPD;UNSANITARY CONDITION;618 ST NICHOLAS AVENUE;Closed;MANHATTAN;40.8210681306945;-73.94615887278303
61759614;2024-07-10 13:30:40;HPD;UNSANITARY CONDITION;390 EAST  195 STREET;Closed;BRONX;40.86443154639472;-73.88841159982573
61759641;2024-07-10 11:37:16;HPD;WATER LEAK;913 BELMONT AVENUE;Closed;BROOKLYN;40.67363640877716;-73.87510021251693
61759642;2024-07-10 11:13:09;HPD;WATER LEAK;643 SOUTHERN BOULEVARD;Closed;BRONX;40.81306742054313;-73.90087081278605
61759644;2024-07-10 12:16:22;HPD;WATER LEAK;613 WEST  140 STREET;Closed;MANHATTAN;40.82375582608709;-73.95391776535357
61759664;2024-07-10 12:20:02;HPD;APPLIANCE;2901 BRIGHTON    8 STREET;Closed;BROOKLYN;40.58165104723022;-73.96091773427086
61760057;2024-07-08 23:29:00;DSNY;Derelict Vehicles;111-40 SPRINGFIELD BOULEVARD;Closed;QUEENS;40.705682849587774;-73.73968175304557
61760393;2024-07-10 15:02:00;DEP;Water System;188 HUMBOLDT STREET;Closed;BROOKLYN;40.7077601890141;-73.94155063725024
61760745;2024-07-10 10:31:10;HPD;ELECTRIC;5 EAST   93 STREET;Closed;BROOKLYN;40.66260867635893;-73.92710399053617
61760783;2024-07-10 08:01:15;HPD;HEAT/HOT WATER;158 EAST  112 STREET;Closed;MANHATTAN;40.79588105070882;-73.9430479456333
61760784;2024-07-10 23:16:44;HPD;HEAT/HOT WATER;995 SIMPSON STREET;Closed;BRONX;40.82202453592243;-73.89288342923368
61760789;2024-07-10 16:18:05;HPD;PAINT/PLASTER;618 ST NICHOLAS AVENUE;Closed;MANHATTAN;40.8210681306945;-73.94615887278303
61760799;2024-07-10 11:51:30;HPD;PAINT/PLASTER;902 47 STREET;Closed;BROOKLYN;40.64124168365724;-73.99940185614477
61760804;2024-07-10 10:27:49;HPD;PAINT/PLASTER;36 ST NICHOLAS PLACE;Closed;MANHATTAN;40.82835038963275;-73.94160008424866
61760815;2024-07-10 20:11:33;HPD;PLUMBING;500 WEST   18 STREET;Closed;MANHATTAN;40.74491411620399;-74.00704093137936
61760819;2024-07-10 12:51:51;HPD;PLUMBING;2435 DEVOE TERRACE;Closed;BRONX;40.864313192663545;-73.90657539336519
61760821;2024-07-10 23:13:50;HPD;PLUMBING;573 EMERALD STREET;Closed;BROOKLYN;40.668753806233454;-73.85879778638379
61760824;2024-07-10 15:21:40;HPD;PLUMBING;135 EAST   54 STREET;Closed;MANHATTAN;40.75915039524235;-73.97087008634779
61760829;2024-07-10 23:13:50;HPD;PLUMBING;573 EMERALD STREET;Closed;BROOKLYN;40.668753806233454;-73.85879778638379
61760845;2024-07-10 09:01:06;HPD;UNSANITARY CONDITION;1140 CLAY AVENUE;Closed;BRONX;40.830639574497454;-73.91156599134492
61760855;2024-07-10 17:14:50;HPD;UNSANITARY CONDITION;1834 CATON AVENUE;Closed;BROOKLYN;40.65181664036495;-73.96227492447909
61760870;2024-07-10 11:22:03;HPD;UNSANITARY CONDITION;215 WEST  109 STREET;Closed;MANHATTAN;40.80279837410404;-73.96529208341731
61760875;2024-07-10 22:22:36;HPD;UNSANITARY CONDITION;1419 JESUP AVENUE;Closed;BRONX;40.84165233606424;-73.92044573265363
61760876;2024-07-10 13:36:50;HPD;UNSANITARY CONDITION;1815 MONROE AVENUE;Closed;BRONX;40.8470846093912;-73.9064730855593
61760882;2024-07-10 16:18:05;HPD;UNSANITARY CONDITION;2541 OLINVILLE AVENUE;Closed;BRONX;40.86386429320643;-73.86842694196743
61760887;2024-07-10 13:55:41;HPD;UNSANITARY CONDITION;1767 FULTON AVENUE;Closed;BRONX;40.84286894286368;-73.89704595154036
61760896;2024-07-10 17:16:59;HPD;UNSANITARY CONDITION;3327 RADCLIFF AVENUE;Closed;BRONX;40.87363410159218;-73.86030082048478
61760900;2024-07-10 12:51:51;HPD;UNSANITARY CONDITION;2435 DEVOE TERRACE;Closed;BRONX;40.864313192663545;-73.90657539336519
61404226;2024-06-07 07:26:00;DEP;Noise;139-06 34 ROAD;Closed;QUEENS;40.76637184580899;-73.82882233740033
61404279;2024-06-07 09:48:15;DSNY;Graffiti;101 DELANCY STREET;Closed;MANHATTAN;40.7187260835507;-73.98881325006766
61762043;2024-07-10 10:57:08;HPD;ELECTRIC;615 STERLING PLACE;Closed;BROOKLYN;40.67364189769698;-73.95870441749186
61762051;2024-07-10 14:48:53;HPD;ELECTRIC;3555 BRUCKNER BOULEVARD;Closed;BRONX;40.84780869783529;-73.82748144004533
61762053;2024-07-10 11:06:35;HPD;ELECTRIC;1113 AVENUE O;Closed;BROOKLYN;40.61258274801683;-73.96262485380115
61762054;2024-07-10 16:36:41;HPD;ELECTRIC;3120 BRIGHTON    5 STREET;Closed;BROOKLYN;40.57678496246616;-73.96226690651686
61762063;2024-07-10 10:27:49;HPD;FLOORING/STAIRS;36 ST NICHOLAS PLACE;Closed;MANHATTAN;40.82835038963275;-73.94160008424866
61762070;2024-07-10 13:05:00;HPD;FLOORING/STAIRS;30 IRVING AVENUE;Closed;BROOKLYN;40.70508272004998;-73.92505581079529
61762079;2024-07-10 10:57:08;HPD;GENERAL;615 STERLING PLACE;Closed;BROOKLYN;40.67364189769698;-73.95870441749186
61762092;2024-07-10 09:04:42;HPD;HEAT/HOT WATER;1304 COLLEGE AVENUE;Closed;BRONX;40.83541830677405;-73.91180899119242
61762098;2024-07-10 01:17:22;HPD;HEAT/HOT WATER;84-53 DANA COURT;Closed;QUEENS;40.723054310706374;-73.86866164725193
61762105;2024-07-10 12:45:13;HPD;PAINT/PLASTER;540 WEST  189 STREET;Closed;MANHATTAN;40.85358603323482;-73.92838759203849
61762108;2024-07-10 19:14:14;HPD;PAINT/PLASTER;1401 GRAND CONCOURSE;Closed;BRONX;40.838565326893;-73.9139009192951
61762109;2024-07-10 11:37:16;HPD;PAINT/PLASTER;913 BELMONT AVENUE;Closed;BROOKLYN;40.67363640877716;-73.87510021251693
61762110;2024-07-10 10:27:49;HPD;PAINT/PLASTER;36 ST NICHOLAS PLACE;Closed;MANHATTAN;40.82835038963275;-73.94160008424866
61762118;2024-07-10 19:07:42;HPD;PAINT/PLASTER;535 WEST  155 STREET;Closed;MANHATTAN;40.83202952123814;-73.9440504956282
61762124;2024-07-10 10:38:25;HPD;PAINT/PLASTER;833 EAST  227 STREET;Closed;BRONX;40.88796399222386;-73.85571734001431
61762129;2024-07-10 12:51:51;HPD;PLUMBING;2435 DEVOE TERRACE;Closed;BRONX;40.864313192663545;-73.90657539336519
61762135;2024-07-10 22:42:59;HPD;PLUMBING;3139 BROADWAY;Closed;MANHATTAN;40.81384679464595;-73.95965063190523
61762144;2024-07-10 15:21:40;HPD;PLUMBING;135 EAST   54 STREET;Closed;MANHATTAN;40.75915039524235;-73.97087008634779
61762176;2024-07-10 12:45:13;HPD;UNSANITARY CONDITION;540 WEST  189 STREET;Closed;MANHATTAN;40.85358603323482;-73.92838759203849
61762177;2024-07-10 17:16:59;HPD;UNSANITARY CONDITION;3327 RADCLIFF AVENUE;Closed;BRONX;40.87363410159218;-73.86030082048478
61762181;2024-07-10 19:14:14;HPD;UNSANITARY CONDITION;1401 GRAND CONCOURSE;Closed;BRONX;40.838565326893;-73.9139009192951
61762219;2024-07-10 12:03:37;HPD;UNSANITARY CONDITION;414 EAST   77 STREET;Closed;MANHATTAN;40.770779489552176;-73.95309156499654
61762221;2024-07-10 15:46:46;HPD;UNSANITARY CONDITION;2128 JEROME AVENUE;Closed;BRONX;40.85520587133494;-73.90607848934312
61762225;2024-07-10 11:13:09;HPD;UNSANITARY CONDITION;643 SOUTHERN BOULEVARD;Closed;BRONX;40.81306742054313;-73.90087081278605
61762251;2024-07-10 22:46:12;HPD;HEAT/HOT WATER;2385 VALENTINE AVENUE;Closed;BRONX;40.85921378670529;-73.89718332836802
61762253;2024-07-10 22:22:36;HPD;PLUMBING;1419 JESUP AVENUE;Closed;BRONX;40.84165233606424;-73.92044573265363
61763343;2024-07-10 13:55:55;HPD;APPLIANCE;1278 GRAND CONCOURSE;Closed;BRONX;40.83619548096835;-73.9160506050733
61763352;2024-07-10 11:13:09;HPD;DOOR/WINDOW;643 SOUTHERN BOULEVARD;Closed;BRONX;40.81306742054313;-73.90087081278605
61763376;2024-07-10 13:56:16;HPD;FLOORING/STAIRS;256 WADSWORTH AVENUE;Closed;MANHATTAN;40.85275157975205;-73.9328454592741
61763387;2024-07-10 23:13:50;HPD;GENERAL;573 EMERALD STREET;Closed;BROOKLYN;40.668753806233454;-73.85879778638379
61763388;2024-07-10 06:47:51;HPD;HEAT/HOT WATER;2128 JEROME AVENUE;Closed;BRONX;40.85520587133494;-73.90607848934312
61763392;2024-07-10 19:56:01;HPD;HEAT/HOT WATER;23-86 24 AVENUE;Closed;QUEENS;40.775526131481755;-73.9199975921003
61763397;2024-07-10 20:45:29;HPD;HEAT/HOT WATER;2906 FREDERICK DOUGLASS BOULEVARD;Closed;MANHATTAN;40.828342957333895;-73.93788189275391
61763402;2024-07-10 23:59:47;HPD;HEAT/HOT WATER;2802 GRAND CONCOURSE;Closed;BRONX;40.86934510466856;-73.89187075232557
61763410;2024-07-10 11:57:29;HPD;PAINT/PLASTER;2260 OLINVILLE AVENUE;Closed;BRONX;40.85932744350388;-73.86855160047786
61763413;2024-07-10 10:41:20;HPD;PAINT/PLASTER;414 EAST   77 STREET;Closed;MANHATTAN;40.770779489552176;-73.95309156499654
61763414;2024-07-10 11:34:13;HPD;PAINT/PLASTER;1881 WALTON AVENUE;Closed;BRONX;40.84920587694727;-73.90942318507416
61763449;2024-07-10 10:38:25;HPD;PLUMBING;833 EAST  227 STREET;Closed;BRONX;40.88796399222386;-73.85571734001431
61763453;2024-07-10 17:16:59;HPD;PLUMBING;3327 RADCLIFF AVENUE;Closed;BRONX;40.87363410159218;-73.86030082048478
61763473;2024-07-10 09:24:28;HPD;UNSANITARY CONDITION;2414 EAST TREMONT AVENUE;Closed;BRONX;40.84251907605423;-73.85282336168049
61763491;2024-07-10 11:37:16;HPD;UNSANITARY CONDITION;913 BELMONT AVENUE;Closed;BROOKLYN;40.67363640877716;-73.87510021251693
61763505;2024-07-10 13:56:16;HPD;UNSANITARY CONDITION;256 WADSWORTH AVENUE;Closed;MANHATTAN;40.85275157975205;-73.9328454592741
61763519;2024-07-10 19:14:14;HPD;WATER LEAK;1401 GRAND CONCOURSE;Closed;BRONX;40.838565326893;-73.9139009192951
61763549;2024-07-10 22:22:36;HPD;DOOR/WINDOW;1419 JESUP AVENUE;Closed;BRONX;40.84165233606424;-73.92044573265363
61763567;2024-07-10 10:54:07;HPD;HEAT/HOT WATER;615 STERLING PLACE;Closed;BROOKLYN;40.67364189769698;-73.95870441749186
61764257;2024-07-10 12:26:00;DEP;Lead;950 MCDONALD AVENUE;Closed;BROOKLYN;40.63114136323867;-73.97725235685037
61405088;2024-06-07 15:25:01;DOHMH;Mobile Food Vendor;50 VERMILYEA AVENUE;Closed;MANHATTAN;40.8654788275783;-73.92410496529521
61764699;2024-07-10 11:57:29;HPD;DOOR/WINDOW;2260 OLINVILLE AVENUE;Closed;BRONX;40.85932744350388;-73.86855160047786
61764703;2024-07-10 17:11:25;HPD;ELECTRIC;20 WEST  190 STREET;Closed;BRONX;40.86411645884116;-73.90105140846829
61764714;2024-07-10 00:01:40;HPD;ELECTRIC;1777 GRAND CONCOURSE;Closed;BRONX;40.84649127981577;-73.90931844953323
61764719;2024-07-10 11:35:03;HPD;ELECTRIC;1447 ST NICHOLAS AVENUE;Closed;MANHATTAN;40.85013330769284;-73.9331481139055
61764748;2024-07-10 17:51:25;HPD;HEAT/HOT WATER;35-64 84 STREET;Closed;QUEENS;40.75159302851327;-73.8827644638668
61764753;2024-07-10 16:43:00;HPD;HEAT/HOT WATER;1304 COLLEGE AVENUE;Closed;BRONX;40.83541830677405;-73.91180899119242
61764755;2024-07-10 22:43:16;HPD;HEAT/HOT WATER;707 EAST  242 STREET;Closed;BRONX;40.905644928726716;-73.84902615882892
61764759;2024-07-10 19:07:42;HPD;PAINT/PLASTER;535 WEST  155 STREET;Closed;MANHATTAN;40.83202952123814;-73.9440504956282
61764771;2024-07-10 12:45:13;HPD;PAINT/PLASTER;540 WEST  189 STREET;Closed;MANHATTAN;40.85358603323482;-73.92838759203849
61764777;2024-07-10 11:57:29;HPD;PAINT/PLASTER;2260 OLINVILLE AVENUE;Closed;BRONX;40.85932744350388;-73.86855160047786
61764778;2024-07-10 11:57:29;HPD;PAINT/PLASTER;2260 OLINVILLE AVENUE;Closed;BRONX;40.85932744350388;-73.86855160047786
61764779;2024-07-10 19:14:14;HPD;PAINT/PLASTER;1401 GRAND CONCOURSE;Closed;BRONX;40.838565326893;-73.9139009192951
61764797;2024-07-10 11:57:29;HPD;PLUMBING;2260 OLINVILLE AVENUE;Closed;BRONX;40.85932744350388;-73.86855160047786
61764799;2024-07-10 14:29:49;HPD;PLUMBING;161 EAST  179 STREET;Closed;BRONX;40.85133278568752;-73.90570080440538
61764809;2024-07-10 11:50:59;HPD;PLUMBING;2612 BROADWAY;Closed;MANHATTAN;40.79634697983548;-73.97053598278849
61764824;2024-07-10 13:55:41;HPD;UNSANITARY CONDITION;1767 FULTON AVENUE;Closed;BRONX;40.84286894286368;-73.89704595154036
61764830;2024-07-10 13:56:16;HPD;UNSANITARY CONDITION;256 WADSWORTH AVENUE;Closed;MANHATTAN;40.85275157975205;-73.9328454592741
61764878;2024-07-10 10:21:35;HPD;SAFETY;909 AVENUE T;Closed;BROOKLYN;40.60049182458343;-73.96232553044085
61764892;2024-07-10 16:18:05;HPD;UNSANITARY CONDITION;618 ST NICHOLAS AVENUE;Closed;MANHATTAN;40.8210681306945;-73.94615887278303
55022951;2022-08-05 11:15:48;DSNY;Lot Condition;1020 EAST   16 STREET;Closed;BROOKLYN;40.62458221697833;-73.96034503433401
55024908;2022-08-05 11:10:37;DPR;Overgrown Tree/Branches;62-38 79 STREET;Closed;QUEENS;40.72223031450447;-73.87812976767756
61765592;2024-07-10 23:08:00;DEP;Noise;610 HENRY STREET;Closed;BROOKLYN;40.68006932757277;-74.00137725293179
61766064;2024-07-10 13:55:41;HPD;DOOR/WINDOW;1767 FULTON AVENUE;Closed;BRONX;40.84286894286368;-73.89704595154036
61766079;2024-07-10 11:35:03;HPD;ELECTRIC;1447 ST NICHOLAS AVENUE;Closed;MANHATTAN;40.85013330769284;-73.9331481139055
61766091;2024-07-10 22:22:36;HPD;FLOORING/STAIRS;1419 JESUP AVENUE;Closed;BRONX;40.84165233606424;-73.92044573265363
61766095;2024-07-10 11:13:09;HPD;FLOORING/STAIRS;643 SOUTHERN BOULEVARD;Closed;BRONX;40.81306742054313;-73.90087081278605
61766124;2024-07-10 01:14:26;HPD;HEAT/HOT WATER;84-53 DANA COURT;Closed;QUEENS;40.723054310706374;-73.86866164725193
61766125;2024-07-10 19:36:10;HPD;HEAT/HOT WATER;2801 BARKER AVENUE;Closed;BRONX;40.86670591030456;-73.86917695849752
61766129;2024-07-10 19:07:42;HPD;PAINT/PLASTER;535 WEST  155 STREET;Closed;MANHATTAN;40.83202952123814;-73.9440504956282
61766133;2024-07-10 19:07:42;HPD;PAINT/PLASTER;535 WEST  155 STREET;Closed;MANHATTAN;40.83202952123814;-73.9440504956282
61766134;2024-07-10 12:39:02;HPD;PAINT/PLASTER;1920 UNION STREET;Closed;BROOKLYN;40.66742375405928;-73.92399869314814
61766167;2024-07-10 13:30:40;HPD;PLUMBING;390 EAST  195 STREET;Closed;BRONX;40.86443154639472;-73.88841159982573
61766183;2024-07-10 00:35:12;HPD;UNSANITARY CONDITION;2497 GRAND AVENUE;Closed;BRONX;40.86437809005707;-73.90208862996202
61766193;2024-07-10 21:00:49;HPD;UNSANITARY CONDITION;4731 RICHARDSON AVENUE;Closed;BRONX;40.904596037469766;-73.85081199828203
61766232;2024-07-10 19:59:26;HPD;WATER LEAK;140-70 ASH AVENUE;Closed;QUEENS;40.75601684711122;-73.82219304448839
61766238;2024-07-10 13:30:40;HPD;WATER LEAK;390 EAST  195 STREET;Closed;BRONX;40.86443154639472;-73.88841159982573
61405551;2024-06-07 09:41:00;DEP;Air Quality;113-30 QUEENS BOULEVARD;Closed;QUEENS;40.717516724493024;-73.83552411482275
61405569;2024-06-07 19:08:00;DEP;Noise;453 LAFAYETTE AVENUE;Closed;BROOKLYN;40.68926169290735;-73.95677642009102
61405570;2024-06-07 18:38:00;DEP;Noise;806 CLASSON AVENUE;Closed;BROOKLYN;40.67283841988906;-73.96082464537412
61405597;2024-06-07 06:20:00;DEP;Water System;40-39 99 STREET;Closed;QUEENS;40.74879449140502;-73.86615310501885
61767306;2024-07-10 22:42:59;HPD;DOOR/WINDOW;3139 BROADWAY;Closed;MANHATTAN;40.81384679464595;-73.95965063190523
61767316;2024-07-10 14:29:49;HPD;DOOR/WINDOW;161 EAST  179 STREET;Closed;BRONX;40.85133278568752;-73.90570080440538
61767318;2024-07-10 13:56:16;HPD;DOOR/WINDOW;256 WADSWORTH AVENUE;Closed;MANHATTAN;40.85275157975205;-73.9328454592741
61767333;2024-07-10 07:01:43;HPD;ELECTRIC;875 HUNTS POINT AVENUE;Closed;BRONX;40.818768641832925;-73.88928300454396
44164088;2019-10-28 00:46:00;DSNY;Request Large Bulky Item Collection;25-20 121 STREET;Closed;QUEENS;40.77623481604563;-73.84717848177733
61767336;2024-07-10 16:45:57;HPD;ELECTRIC;3120 BRIGHTON    5 STREET;Closed;BROOKLYN;40.57678496246616;-73.96226690651686
61767341;2024-07-10 22:22:36;HPD;FLOORING/STAIRS;1419 JESUP AVENUE;Closed;BRONX;40.84165233606424;-73.92044573265363
61767372;2024-07-10 11:31:11;HPD;HEAT/HOT WATER;1073 SUMMIT AVENUE;Closed;BRONX;40.83512833259711;-73.92913021503848
61767378;2024-07-10 17:11:25;HPD;PAINT/PLASTER;20 WEST  190 STREET;Closed;BRONX;40.86411645884116;-73.90105140846829
61767393;2024-07-10 19:07:42;HPD;PAINT/PLASTER;535 WEST  155 STREET;Closed;MANHATTAN;40.83202952123814;-73.9440504956282
61767394;2024-07-10 19:14:15;HPD;PAINT/PLASTER;1401 GRAND CONCOURSE;Closed;BRONX;40.838565326893;-73.9139009192951
61767396;2024-07-10 10:38:25;HPD;PAINT/PLASTER;833 EAST  227 STREET;Closed;BRONX;40.88796399222386;-73.85571734001431
61767401;2024-07-10 13:56:16;HPD;PAINT/PLASTER;256 WADSWORTH AVENUE;Closed;MANHATTAN;40.85275157975205;-73.9328454592741
61767449;2024-07-10 00:28:43;HPD;UNSANITARY CONDITION;240 EAST   27 STREET;Closed;MANHATTAN;40.7406664199087;-73.97973741183311
61405831;2024-06-07 18:17:03;NYPD;Blocked Driveway;245-51 148 DRIVE;Closed;QUEENS;40.65377531159628;-73.73807510415979
61767469;2024-07-10 22:22:36;HPD;UNSANITARY CONDITION;1419 JESUP AVENUE;Closed;BRONX;40.84165233606424;-73.92044573265363
61767488;2024-07-10 17:16:59;HPD;UNSANITARY CONDITION;3327 RADCLIFF AVENUE;Closed;BRONX;40.87363410159218;-73.86030082048478
61767491;2024-07-10 13:30:40;HPD;UNSANITARY CONDITION;390 EAST  195 STREET;Closed;BRONX;40.86443154639472;-73.88841159982573
61767525;2024-07-10 19:59:01;HPD;WATER LEAK;140-70 ASH AVENUE;Closed;QUEENS;40.75601684711122;-73.82219304448839
61767536;2024-07-10 10:41:20;HPD;UNSANITARY CONDITION;414 EAST   77 STREET;Closed;MANHATTAN;40.770779489552176;-73.95309156499654
61767541;2024-07-10 13:05:00;HPD;DOOR/WINDOW;30 IRVING AVENUE;Closed;BROOKLYN;40.70508272004998;-73.92505581079529
61767734;2024-07-10 14:52:41;DOHMH;Rodent;500 WEST  134 STREET;Closed;MANHATTAN;40.818282429093685;-73.95285576103016
61768022;2024-07-10 06:21:00;DHS;Homeless Person Assistance;515 WEST   36 STREET;Closed;MANHATTAN;40.756321499413694;-73.99926727122336
61769402;2024-07-11 10:14:00;DEP;Lead;193 COOK STREET;Closed;BROOKLYN;40.70306890443694;-73.93551005710212
55081331;2022-08-12 10:12:03;DPR;Overgrown Tree/Branches;74 PAERDEGAT    2 STREET;Closed;BROOKLYN;40.63299497690794;-73.91117939295707
61406317;2024-06-07 12:48:31;HPD;UNSANITARY CONDITION;690 ALLERTON AVENUE;Closed;BRONX;40.865414272365214;-73.86774779049907
61773342;2024-07-10 18:47:00;DSNY;Derelict Vehicles;1395 NELSON AVENUE;Closed;BRONX;40.84223813963511;-73.92217621690463
61406682;2024-06-08 00:00:19;NYPD;Noise - Vehicle;1205 STRATFORD AVENUE;Closed;BRONX;40.829686932620696;-73.87562393239519
61406707;2024-06-07 13:34:30;DOT;Street Sign - Damaged;101 LORTEL AVENUE;Closed;STATEN ISLAND;40.61012275945865;-74.11634240887135
61774439;2024-07-11 10:00:26;DOHMH;Rodent;34-46 12 STREET;Closed;QUEENS;40.76307595408054;-73.9377261720728
61774441;2024-07-11 19:27:21;DOHMH;Rodent;31-35 CRESCENT STREET;Closed;QUEENS;40.76468368198577;-73.92718359841146
61774743;2024-07-11 13:50:00;DEP;Noise;135 OCEAN PARKWAY;Closed;BROOKLYN;40.647120936755805;-73.9745225918572
61775079;2024-07-11 18:44:00;DEP;Lead;19 STUYVESANT OVAL;Closed;MANHATTAN;40.732335737824826;-73.97780234046962
61775191;2024-07-11 13:36:09;DSNY;Illegal Dumping;82 BEDFORD STREET;Closed;MANHATTAN;40.731931538507176;-74.00514887316119
61775502;2024-07-11 15:09:34;DOHMH;Rodent;457 ST MARKS AVENUE;Closed;BROOKLYN;40.67653771741822;-73.95893335614143
61775574;2024-07-11 10:04:48;DOHMH;Rodent;34-60 12 STREET;Closed;QUEENS;40.762834496707484;-73.9378744018957
61775594;2024-07-11 08:14:52;DOHMH;Rodent;3534 BRONX BOULEVARD;Closed;BRONX;40.87903446177485;-73.86862835593084
61776294;2024-07-11 13:17:00;DEP;Lead;1018 PARK PLACE;Closed;BROOKLYN;40.673056335185876;-73.9435962433902
61776491;2024-07-11 09:07:39;DSNY;Missed Collection;856 SUTTER AVENUE;Closed;BROOKLYN;40.67060458824866;-73.8868325187023
61407271;2024-06-07 23:45:06;NYPD;Blocked Driveway;25-92 41 STREET;Closed;QUEENS;40.767137296627375;-73.91126042291896
61777146;2024-07-11 11:31:33;DOHMH;Rodent;4996 BROADWAY;Closed;MANHATTAN;40.86821951872901;-73.91824098763226
61777623;2024-07-12 21:23:08;DSNY;Graffiti;280 STARR STREET;Closed;BROOKLYN;40.706760129968835;-73.92147596037472
61777660;2024-07-12 11:45:53;DSNY;Graffiti;1654 WHITE PLAINS ROAD;Closed;BRONX;40.84274834392772;-73.86524484420012
61777714;2024-07-12 23:32:00;DEP;Industrial Waste;87 CHURCHILL AVENUE;Closed;STATEN ISLAND;40.52947429919657;-74.21981744070554
61777843;2024-07-12 14:14:00;DEP;Sewer;145-23 109 AVENUE;Closed;QUEENS;40.689381654164954;-73.80169098094504
61777869;2024-07-12 11:29:00;DEP;Sewer;228 VAN BRUNT STREET;Closed;BROOKLYN;40.680983019873096;-74.00865301656981
61407410;2024-06-07 20:12:18;NYPD;Noise - Residential;86-43 90 STREET;Closed;QUEENS;40.693734639639835;-73.85488633584826
61778004;2024-07-12 13:05:00;DEP;Water System;4231 PARK AVENUE;Closed;BRONX;40.84818720193798;-73.89903653241164
61778023;2024-07-12 20:20:00;DEP;Water System;1872 BARNES AVENUE;Closed;BRONX;40.84799119618337;-73.86330047624652
61778028;2024-07-12 05:32:00;DEP;Water System;1350 UNIVERSITY AVENUE;Closed;BRONX;40.84149725378454;-73.92664775518904
61778029;2024-07-12 23:53:00;DEP;Water System;2125 TIEBOUT AVENUE;Closed;BRONX;40.85360753455883;-73.89851139055409
61778210;2024-07-12 09:41:00;DEP;Water System;4045 CARPENTER AVENUE;Closed;BRONX;40.89064808807796;-73.86228685610604
61778211;2024-07-12 09:20:00;DEP;Water System;586 EAST  170 STREET;Closed;BRONX;40.83448487156462;-73.90135566732152
61778218;2024-07-12 01:08:00;DEP;Water System;476 EAST  186 STREET;Closed;BRONX;40.85710931244701;-73.89195571463388
61778252;2024-07-12 16:35:00;DEP;Water System;1461 SOUTHERN BOULEVARD;Closed;BRONX;40.8326554052306;-73.8905788765309
61778464;2024-07-12 23:50:39;DSNY;Graffiti;1797 PITKIN AVENUE;Closed;BROOKLYN;40.67030669271944;-73.9066092255202
61778584;2024-07-12 12:36:42;DSNY;Graffiti;563 48 STREET;Closed;BROOKLYN;40.6454436836383;-74.00784122288658
61778796;2024-07-12 18:02:00;DEP;Sewer;64-74 DRY HARBOR ROAD;Closed;QUEENS;40.71825262163392;-73.87256714851453
61778916;2024-07-12 18:44:00;DEP;Water System;481 EAST  140 STREET;Closed;BRONX;40.80943428247981;-73.9196244950256
61778917;2024-07-12 17:56:00;DEP;Water System;92-04 DITMARS BOULEVARD;Closed;QUEENS;40.77006060205327;-73.878359942102
61778920;2024-07-12 18:14:00;DEP;Water System;604 WEST  162 STREET;Closed;MANHATTAN;40.837362007848085;-73.94305218892086
61778924;2024-07-12 18:44:00;DEP;Water System;245 BROOK AVENUE;Closed;BRONX;40.80789133164972;-73.91903032885082
61778932;2024-07-12 10:14:00;DEP;Water System;1683 BOSTON ROAD;Closed;BRONX;40.83647755394621;-73.889282444768
61778933;2024-07-12 09:29:00;DEP;Water System;1300 SOUTHERN BOULEVARD;Closed;BRONX;40.83094636532481;-73.8915501192034
61778934;2024-07-12 20:38:00;DEP;Water System;780 PELHAM PARKWAY SOUTH;Closed;BRONX;40.856690505926935;-73.86443215118308
61778942;2024-07-12 16:29:00;DEP;Water System;972 WOODYCREST AVENUE;Closed;BRONX;40.83198523702502;-73.92848311362471
61778947;2024-07-12 14:38:00;DEP;Water System;1793 JEROME AVENUE;Closed;BRONX;40.848979638142886;-73.91144763063272
61778966;2024-07-12 16:23:00;DEP;Water Conservation;1672 CORNELIA STREET;Closed;QUEENS;40.699214628010594;-73.90659036915068
61778969;2024-07-12 06:38:00;DEP;Water System;2314 MORRIS AVENUE;Closed;BRONX;40.85863025499881;-73.90158013882943
61779550;2024-07-12 00:35:00;DEP;Noise;2109 STILLWELL AVENUE;Closed;BROOKLYN;40.59548776684851;-73.98501704112945
61779824;2024-07-12 18:11:00;DEP;Water System;601 WEST  163 STREET;Closed;MANHATTAN;40.837899622587535;-73.94235062667009
61779779;2024-07-12 07:00:00;DSNY;Derelict Vehicles;60-17 ELIOT AVENUE;Closed;QUEENS;40.71308757506801;-73.90434530851503
61779861;2024-07-12 18:08:00;DEP;Water System;560 WEST  163 STREET;Closed;MANHATTAN;40.83737202875842;-73.94114404141492
61779862;2024-07-12 16:20:00;DEP;Water System;3447 SEYMOUR AVENUE;Closed;BRONX;40.877166775802976;-73.84958260862167
61779864;2024-07-12 09:35:00;DEP;Water System;4125 CARPENTER AVENUE;Closed;BRONX;40.892151194761134;-73.86146632694674
61779866;2024-07-12 21:17:00;DEP;Water System;2471 DAVIDSON AVENUE;Closed;BRONX;40.86339249235718;-73.90179362522369
61779871;2024-07-12 20:02:00;DEP;Water System;2295 ANDREWS AVENUE;Closed;BRONX;40.86130025297996;-73.90749427173922
61779873;2024-07-12 18:56:00;DEP;Water System;1687 EAST  172 STREET;Closed;BRONX;40.83221620189813;-73.87187549147991
61779874;2024-07-12 18:23:00;DEP;Water System;705 WEST  179 STREET;Closed;MANHATTAN;40.849010368162205;-73.93740716118684
61779876;2024-07-12 11:59:00;DEP;Water System;2679 WATERBURY AVENUE;Closed;BRONX;40.835767259483156;-73.83664478292691
61779908;2024-07-12 16:44:00;DEP;Water System;95-04 WALTHAM STREET;Closed;QUEENS;40.69791631990191;-73.8072193709554
61779909;2024-07-12 11:44:00;DEP;Water System;225 BROOK AVENUE;Closed;BRONX;40.80725210737686;-73.91945374145497
61779888;2024-07-12 11:28:43;DSNY;Graffiti;75 ALLEN STREET;Closed;MANHATTAN;40.71776012958191;-73.99112576395751
61780115;2024-07-12 19:45:24;DHS;Homeless Person Assistance;SECOND AVENUE;Closed;MANHATTAN;40.72558258764235;-73.9898691952011
61407889;2024-06-08 00:36:05;NYPD;Blocked Driveway;78-45 62 STREET;Closed;QUEENS;40.6966771261729;-73.89248257165012
61780566;2024-07-12 09:59:00;DEP;Sewer;1282 SCHENECTADY AVENUE;Closed;BROOKLYN;40.641177777750585;-73.9321936059536
61780725;2024-07-12 13:17:00;DEP;Water System;1945 ADEE AVENUE;Closed;BRONX;40.871756864200975;-73.83542101504861
61780760;2024-07-12 15:44:00;DEP;Water System;294 EAST  204 STREET;Closed;BRONX;40.873232345620636;-73.8788148253911
61780863;2024-07-12 21:53:00;DEP;Water System;1235 EAST TREMONT AVENUE;Closed;BRONX;40.83971472755563;-73.87184659384694
61780864;2024-07-12 19:59:00;DEP;Water System;130 WEST  228 STREET;Closed;BRONX;40.876454524183956;-73.90850013893893
61780867;2024-07-12 18:07:00;DEP;Water System;600 WEST  189 STREET;Closed;MANHATTAN;40.854380407780965;-73.93027367488156
61780875;2024-07-12 21:05:00;DEP;Water System;2546 CRESTON AVENUE;Closed;BRONX;40.86403353196051;-73.8972409530117
61780876;2024-07-12 15:17:00;DEP;Water System;657 CAULDWELL AVENUE;Closed;BRONX;40.816686658662114;-73.90961195613463
61780877;2024-07-12 15:14:00;DEP;Water System;1151 OLMSTEAD AVENUE;Closed;BRONX;40.830553469319234;-73.85388330007908
61780919;2024-07-12 14:56:00;DEP;Water System;365 EAST  163 STREET;Closed;BRONX;40.826382236081095;-73.91483446264088
61780928;2024-07-12 11:29:32;DSNY;Graffiti;79 ALLEN STREET;Closed;MANHATTAN;40.71787814979444;-73.99106802953261
61408032;2024-06-07 12:22:51;DPR;Maintenance or Facility;315 EAST   26 STREET;Closed;MANHATTAN;40.739571128256635;-73.97897994018368
61408048;2024-06-07 22:21:01;DPR;Maintenance or Facility;104 BEACH   60 STREET;Closed;QUEENS;40.58928455333636;-73.78935414018834
61781639;2024-07-12 16:59:00;DEP;Water System;294 EAST  204 STREET;Closed;BRONX;40.873232345620636;-73.8788148253911
61781722;2024-07-12 09:38:00;DEP;Water System;57 LOMBARDY STREET;Closed;BROOKLYN;40.722253680061165;-73.9384894559062
61781788;2024-07-12 18:53:00;DEP;Water System;265 MCCLELLAN STREET;Closed;BRONX;40.83178407291839;-73.91515638550888
61781789;2024-07-12 14:35:00;DEP;Water System;615 WEST  144 STREET;Closed;MANHATTAN;40.82608243534439;-73.9516939831407
61781790;2024-07-12 16:23:00;DEP;Water System;294 EAST  204 STREET;Closed;BRONX;40.873232345620636;-73.8788148253911
61781814;2024-07-12 09:56:00;DEP;Water System;1214 WESTCHESTER AVENUE;Closed;BRONX;40.826022905668054;-73.88925286771357
61781818;2024-07-12 21:14:00;DEP;Water System;2266 AQUEDUCT AVENUE;Closed;BRONX;40.859235772235635;-73.90691511397637
61781819;2024-07-12 19:32:00;DEP;Water System;1055 SHERMAN AVENUE;Closed;BRONX;40.83026004970529;-73.91797325631235
61781826;2024-07-12 12:53:00;DEP;Water System;1240 WALTON AVENUE;Closed;BRONX;40.83587908905498;-73.91883725890963
61781848;2024-07-12 22:02:00;DEP;Water System;1815 MONROE AVENUE;Closed;BRONX;40.8470846093912;-73.9064730855593
61781849;2024-07-12 14:41:00;DEP;Water System;505 WEST  171 STREET;Closed;MANHATTAN;40.84185408103274;-73.93588511199903
61781885;2024-07-12 09:02:15;DSNY;Graffiti;402 KNICKERBOCKER AVENUE;Closed;BROOKLYN;40.699960598818585;-73.92039121439029
61408156;2024-06-07 11:21:00;DSNY;Derelict Vehicles;1179 GRINNELL PLACE;Closed;BRONX;40.81205639808294;-73.89362920292174
61408217;2024-06-07 20:56:50;DSNY;Dirty Condition;239 WEST   23 STREET;Closed;MANHATTAN;40.74460962081025;-73.99683863265342
61782703;2024-07-12 10:05:00;DEP;Water System;825 GERARD AVENUE;Closed;BRONX;40.825865645198235;-73.92591342579004
61782748;2024-07-12 15:32:00;DEP;Water System;1195 ANDERSON AVENUE;Closed;BRONX;40.83700215523768;-73.92355561618771
61782758;2024-07-12 08:53:00;DEP;Water System;1673 BOSTON ROAD;Closed;BRONX;40.836384386395515;-73.88944160912412
61782759;2024-07-12 06:38:00;DEP;Water System;2259 CRESTON AVENUE;Closed;BRONX;40.857029932100616;-73.90139091361746
61782760;2024-07-12 06:32:00;DEP;Water System;2260 MORRIS AVENUE;Closed;BRONX;40.85739578880495;-73.90234472827555
61782763;2024-07-12 15:41:00;DEP;Water System;757 WHITEHALL PLACE;Closed;BRONX;40.895844130404896;-73.85364934908804
61782765;2024-07-12 13:17:00;DEP;Water System;1855 MONROE AVENUE;Closed;BRONX;40.84808343203669;-73.9061644501481
61782770;2024-07-12 00:26:00;DEP;Water System;680 BECK STREET;Closed;BRONX;40.814826900292545;-73.9010018610719
61782775;2024-07-12 23:41:00;DEP;Water System;863 HUNTS POINT AVENUE;Closed;BRONX;40.81831274447484;-73.88899834656604
61783272;2024-07-12 11:34:34;DSNY;Graffiti;49 ORCHARD STREET;Closed;MANHATTAN;40.71647832351984;-73.99108625384285
61783336;2024-07-12 23:35:00;DEP;Industrial Waste;87 CHURCHILL AVENUE;Closed;STATEN ISLAND;40.52947429919657;-74.21981744070554
61408419;2024-06-07 20:17:00;DEP;Noise;3819 AMUNDSON AVENUE;Closed;BRONX;40.8874255722612;-73.8348939798525
61408434;2024-06-07 08:23:00;DEP;Sewer;83-02 97 AVENUE;Closed;QUEENS;40.683040866209765;-73.85697197544735
61408435;2024-06-07 07:41:00;DEP;Sewer;843 HARTMAN LANE;Closed;QUEENS;40.601207593953234;-73.76507733565886
61408460;2024-06-07 10:02:00;DEP;Water System;188-20 WILLIAMSON AVENUE;Closed;QUEENS;40.681898239041416;-73.75545126199043
61783478;2024-07-12 13:20:00;DEP;Sewer;90-03 222 STREET;Closed;QUEENS;40.72825450023451;-73.73547324649336
61408481;2024-06-07 11:58:12;DOB;General Construction/Plumbing;31-16 35 AVENUE;Closed;QUEENS;40.75802014071654;-73.92829541888537
61783635;2024-07-12 17:26:00;DEP;Water System;515 EAST   11 STREET;Closed;MANHATTAN;40.72820823159238;-73.98120603927308
61783640;2024-07-12 14:26:00;DEP;Water System;4711 MURDOCK AVENUE;Closed;BRONX;40.90456990823318;-73.84555212749402
61783633;2024-07-12 09:41:00;DSNY;Derelict Vehicles;2351 JEROME AVENUE;Closed;BRONX;40.85993515020482;-73.90295195602845
61783671;2024-07-12 16:35:00;DEP;Water System;75 BATTERY PLACE;Closed;MANHATTAN;40.70720281714814;-74.01730201973204
61783681;2024-07-12 15:11:00;DEP;Water System;600 TRINITY AVENUE;Closed;BRONX;40.81441955223652;-73.90965477441011
61783689;2024-07-12 10:35:00;DEP;Water System;1085 GERARD AVENUE;Closed;BRONX;40.833215882775356;-73.9215977413138
61783701;2024-07-12 22:56:00;DEP;Water System;963 WOODYCREST AVENUE;Closed;BRONX;40.831669762919574;-73.9287544719845
61783703;2024-07-12 18:35:00;DEP;Water System;81 WADSWORTH TERRACE;Closed;MANHATTAN;40.856979828835605;-73.93058545169916
61783707;2024-07-12 12:38:00;DEP;Water System;109 MOUNT HOPE PLACE;Closed;BRONX;40.84878751472127;-73.9079490302461
55244935;2022-08-29 13:35:06;DPR;Overgrown Tree/Branches;134-15 97 AVENUE;In Progress;QUEENS;40.69475185744403;-73.81405140685395
61783709;2024-07-12 15:09:13;DSNY;Obstruction;BROADWAY;Closed;BROOKLYN;40.69698633989122;-73.93522383122014
61783791;2024-07-12 23:50:07;DSNY;Graffiti;1801 PITKIN AVENUE;Closed;BROOKLYN;40.67032580658352;-73.9064866338728
61783934;2024-07-12 15:44:09;DSNY;Graffiti;1188 GRAVESEND NECK ROAD;Closed;BROOKLYN;40.59407326075364;-73.95875722638056
61784204;2024-07-12 13:14:00;DEP;Water Conservation;94-13 37 AVENUE;Closed;QUEENS;40.75095955751821;-73.87294490645748
61784116;2024-07-12 11:38:29;DSNY;Graffiti;361 EAST   10 STREET;Closed;MANHATTAN;40.726539056574374;-73.97909950322429
61784402;2024-07-12 21:14:00;DEP;Water System;2501 DAVIDSON AVENUE;Closed;BRONX;40.86445948684704;-73.90098220598483
61784705;2024-07-12 08:11:00;DEP;Water System;1927 TOMLINSON AVENUE;Closed;BRONX;40.852517160146554;-73.85428327655755
61784714;2024-07-12 09:20:00;DEP;Water System;229 BROOK AVENUE;Closed;BRONX;40.80738927279489;-73.91935243184136
61784716;2024-07-12 15:29:00;DEP;Water System;1835 BOONE AVENUE;Closed;BRONX;40.83776889066956;-73.88230180976834
61784717;2024-07-12 13:08:00;DEP;Water System;100 EAST FORDHAM ROAD;Closed;BRONX;40.8621360002629;-73.89928288421277
61784721;2024-07-12 23:32:00;DEP;Water System;2471 UNIVERSITY AVENUE;Closed;BRONX;40.86467041796226;-73.90374043022987
61784723;2024-07-12 19:35:00;DEP;Water System;1691 EASTBURN AVENUE;Closed;BRONX;40.84417687152521;-73.90853369355642
61784732;2024-07-12 20:29:00;DEP;Water System;165 WEST  197 STREET;Closed;BRONX;40.872458267974395;-73.90184170442664
61784733;2024-07-12 19:53:00;DEP;Water System;601 WEST  188 STREET;Closed;MANHATTAN;40.853771351956524;-73.93071893264542
61784868;2024-07-12 12:23:00;DEP;Water System;706 EDISON AVENUE;Closed;BRONX;40.82696112918619;-73.82112181276369
61785670;2024-07-13 13:44:00;DEP;Water System;1571 UNDERCLIFF AVENUE;Closed;BRONX;40.847873560810946;-73.92297565064655
61785588;2024-07-13 17:10:12;DSNY;Graffiti;57 DOUGLASS STREET;Closed;BROOKLYN;40.683725163982764;-73.9930664853735
61785770;2024-07-13 10:50:00;DEP;Sewer;1450 WESTCHESTER AVENUE;Closed;BRONX;40.82833522412642;-73.88222093474894
61408877;2024-06-07 22:12:24;NYPD;Noise - Residential;74 WEST  119 STREET;Closed;MANHATTAN;40.8035491072088;-73.94732167950217
61408897;2024-06-08 01:07:42;NYPD;Noise - Street/Sidewalk;43-01 20 ROAD;Closed;QUEENS;40.77387242228741;-73.90060060644107
61785964;2024-07-13 10:38:00;DEP;Noise;462 KENT AVENUE;Closed;BROOKLYN;40.70828397556858;-73.96845044329727
61786160;2024-07-13 23:17:00;DEP;Water System;950 WOODYCREST AVENUE;Closed;BRONX;40.831378946066906;-73.9289535299807
61786289;2024-07-13 10:24:13;DSNY;Graffiti;945 BUSHWICK AVENUE;Closed;BROOKLYN;40.692571079386326;-73.92355172643568
61786368;2024-07-13 21:44:00;DEP;Water System;120 AUDUBON AVENUE;Closed;MANHATTAN;40.84240636672657;-73.93697244582714
61786536;2024-07-13 00:11:00;DEP;Water System;1100 GERARD AVENUE;Closed;BRONX;40.832867427166356;-73.92177883470266
61786551;2024-07-13 03:47:00;DEP;Water System;2071 ANTHONY AVENUE;Closed;BRONX;40.85274599119927;-73.90202622886751
61786585;2024-07-13 10:17:00;DEP;Noise;439 WEST   36 STREET;Closed;MANHATTAN;40.75545687334513;-73.99721711057144
61786630;2024-07-13 09:44:00;DEP;Noise;439 WEST   36 STREET;Closed;MANHATTAN;40.75545687334513;-73.99721711057144
61786778;2024-07-13 09:17:00;DEP;Industrial Waste;439 WEST   36 STREET;Closed;MANHATTAN;40.75544040390597;-73.99717740726967
61786790;2024-07-13 12:37:39;DSNY;Graffiti;495 GRAND STREET;Closed;BROOKLYN;40.71094591552714;-73.95131932845086
61786797;2024-07-13 12:53:00;DEP;Noise;439 WEST   36 STREET;Closed;MANHATTAN;40.75545687334513;-73.99721711057144
61786796;2024-07-13 12:41:29;DSNY;Graffiti;256 SOUTH    4 STREET;Closed;BROOKLYN;40.70999601115178;-73.95771882833029
61787054;2024-07-13 14:32:00;DEP;Water System;57 LOMBARDY STREET;Closed;BROOKLYN;40.722253680061165;-73.9384894559062
61787542;2024-07-13 21:47:00;DEP;Water System;2450 FULLER STREET;Closed;BRONX;40.84180315646957;-73.85103594399368
61787559;2024-07-13 17:14:00;DEP;Water System;581 PROSPECT PLACE;Closed;BROOKLYN;40.67523882461238;-73.95724696285477
61787575;2024-07-13 10:23:00;DEP;Water System;2044 EAST  177 STREET;Closed;BRONX;40.83162654232482;-73.85597682662345
61787516;2024-07-13 12:55:59;DSNY;Graffiti;58 KENT AVENUE;Closed;BROOKLYN;40.72230968299478;-73.95959782228883
61787589;2024-07-13 21:41:00;DEP;Water System;89-21 ELMHURST AVENUE;Closed;QUEENS;40.747420328856705;-73.87685300997468
61788052;2024-07-13 14:28:25;DSNY;Graffiti;539 DRIGGS AVENUE;Closed;BROOKLYN;40.71732118052268;-73.9561161078004
61788175;2024-07-13 02:08:00;DEP;Noise;210 CLINTON WHARF;Closed;BROOKLYN;40.68101267946068;-74.01405394736683
61788253;2024-07-13 22:38:00;DEP;Water System;39-29 58 STREET;Closed;QUEENS;40.747098987654816;-73.90571481279783
61788344;2024-07-13 10:20:00;DEP;Water System;2000 ELLIS AVENUE;Closed;BRONX;40.83182299813239;-73.85724838931931
61788376;2024-07-13 08:50:00;DEP;Water System;2501 DAVIDSON AVENUE;Closed;BRONX;40.86445948684704;-73.90098220598483
61788377;2024-07-13 09:17:00;DEP;Water System;760 SOUNDVIEW AVENUE;Closed;BRONX;40.8201011319439;-73.8647668245182
61788390;2024-07-13 16:41:00;DEP;Lead;195 WILLOUGHBY AVENUE;Closed;BROOKLYN;40.692047432560706;-73.96418138385187
61788605;2024-07-13 12:37:56;DSNY;Graffiti;493 GRAND STREET;Closed;BROOKLYN;40.71094045191785;-73.95138065219753
61788841;2024-07-13 14:02:00;DEP;Water System;615 WEST  144 STREET;Closed;MANHATTAN;40.82608243534439;-73.9516939831407
61788832;2024-07-13 12:31:14;DPR;Damaged Tree;126-20 89 AVENUE;Closed;QUEENS;40.69905404198829;-73.82348098503454
61788830;2024-07-13 12:42:37;DSNY;Graffiti;23 MESEROLE STREET;Closed;BROOKLYN;40.70749768683487;-73.94944988720746
61788905;2024-07-13 10:41:00;DEP;Water System;15 HART STREET;Closed;BROOKLYN;40.6929072299072;-73.95112334687899
61788917;2024-07-13 10:08:00;DEP;Water System;1571 UNDERCLIFF AVENUE;Closed;BRONX;40.847873560810946;-73.92297565064655
61788935;2024-07-13 04:17:00;DEP;Water System;629 EAST  169 STREET;Closed;BRONX;40.831515094935725;-73.90136007030115
61789102;2024-07-13 09:29:00;DEP;Sewer;106 SUFFOLK STREET;Closed;MANHATTAN;40.71874775735738;-73.986194225742
61789125;2024-07-13 09:53:00;DEP;Sewer;2004 WASHINGTON AVENUE;Closed;BRONX;40.84923645614657;-73.89681199415439
61789189;2024-07-13 23:11:00;DEP;Water System;827 HUNTS POINT AVENUE;Closed;BRONX;40.81745314959684;-73.8884831470919
61789336;2024-07-13 11:44:00;DEP;Water System;1705 EAST  172 STREET;Closed;BRONX;40.83232778439627;-73.8710224602558
61789362;2024-07-13 08:32:00;DEP;Water System;231 ELDERT STREET;Closed;BROOKLYN;40.690982172696685;-73.90890250873223
61789403;2024-07-13 18:08:00;DEP;Water System;50-05 108 STREET;Closed;QUEENS;40.7444888773642;-73.85554086586419
61789754;2024-07-13 15:02:00;DEP;Water System;3568 CANAL AVENUE;Closed;BROOKLYN;40.5790281489416;-74.00238314692506
61789761;2024-07-13 08:53:00;DEP;Water System;582 GREENE AVENUE;Closed;BROOKLYN;40.6889389371983;-73.94640619233026
61789763;2024-07-13 10:32:00;DEP;Water System;3568 CANAL AVENUE;Closed;BROOKLYN;40.5790281489416;-74.00238314692506
61789777;2024-07-13 09:23:00;DEP;Hazardous Materials;65 CLEVELAND AVENUE;Closed;STATEN ISLAND;40.54929830941536;-74.14920793130358
61789778;2024-07-13 10:17:00;DEP;Water System;1751 VAN BUREN STREET;Closed;BRONX;40.84184897966957;-73.87083052157466
61789793;2024-07-13 09:08:00;DEP;Water System;288E EAST  204 STREET;Closed;BRONX;40.873358734197275;-73.87894115007445
61789808;2024-07-13 11:47:00;DEP;Water System;2042 GRAND AVENUE;Closed;BRONX;40.854173636706776;-73.90922483480284
61790057;2024-07-13 13:05:37;DSNY;Graffiti;55 BERRY STREET;Closed;BROOKLYN;40.72059048171903;-73.95688958195159
61790073;2024-07-13 17:44:00;DEP;Industrial Waste;6 RENAISSANCE COURT;Closed;BROOKLYN;40.69951961672539;-73.93496891994627
61790116;2024-07-13 09:14:00;DEP;Noise;439 WEST   36 STREET;Closed;MANHATTAN;40.75544040390597;-73.99717740726967
61790250;2024-07-13 23:23:00;DEP;Water System;506 TINTON AVENUE;Closed;BRONX;40.81168068696133;-73.90667095011895
61790340;2024-07-13 08:50:00;DEP;Water System;2710 MORRIS AVENUE;Closed;BRONX;40.8679185556592;-73.89560433136421
61790345;2024-07-13 19:38:00;DEP;Water System;133 STOCKHOLM STREET;Closed;BROOKLYN;40.698617879696705;-73.92366380317368
61790358;2024-07-13 20:17:00;DEP;Water System;501 WEST  143 STREET;Closed;MANHATTAN;40.82416273789355;-73.94904330123309
61790359;2024-07-13 11:38:00;DEP;Water System;2719 MORRIS AVENUE;Closed;BRONX;40.86808863174485;-73.89549921281306
61790432;2024-07-13 17:17:00;DEP;Water System;212 AUTUMN AVENUE;Closed;BROOKLYN;40.68506882195641;-73.87051404838039
61790558;2024-07-13 17:38:00;DEP;Water System;750 EAST  179 STREET;Closed;BRONX;40.84592382487764;-73.88822217040618
61790520;2024-07-13 12:38:11;DSNY;Graffiti;491 GRAND STREET;Closed;BROOKLYN;40.71093498827589;-73.95144197593415
61790924;2024-07-13 12:17:00;DEP;Noise;49 WYCKOFF AVENUE;Closed;BROOKLYN;40.7059204485787;-73.92179434556613
61790923;2024-07-13 12:54:44;DSNY;Graffiti;17 KENT AVENUE;Closed;BROOKLYN;40.7236870123129;-73.95808895438469
61790999;2024-07-13 11:53:00;DEP;Water System;976 WOODYCREST AVENUE;Closed;BRONX;40.832051078721605;-73.92843245229993
61791249;2024-07-13 06:08:00;DEP;Noise;229 WEST   60 STREET;Closed;MANHATTAN;40.771740915930735;-73.98877546191795
61791339;2024-07-13 16:14:00;DEP;Water System;1145 BOYNTON AVENUE;Closed;BRONX;40.827889006701085;-73.87806632951086
61791343;2024-07-13 09:59:00;DEP;Water System;1689 EAST  172 STREET;Closed;BRONX;40.83222435571281;-73.87180320331895
61409873;2024-06-08 09:35:00;DEP;Noise;46-36 VERNON BOULEVARD;Closed;QUEENS;40.74599441507238;-73.95301879277933
61409874;2024-06-08 09:32:00;DEP;Noise;370 4 AVENUE;Closed;BROOKLYN;40.67301996440938;-73.98651011578777
61409902;2024-06-08 10:05:00;DEP;Water System;186 PEMBROKE STREET;Closed;BROOKLYN;40.57907404524581;-73.93702655378738
61791409;2024-07-13 10:23:00;DEP;Water System;2011 GLEASON AVENUE;Closed;BRONX;40.83117183434975;-73.85671136494977
61791411;2024-07-13 11:14:00;DEP;Water System;1317 BRONX RIVER AVENUE;Closed;BRONX;40.83183106344978;-73.88131495978142
61791443;2024-07-13 20:23:00;DEP;Water System;714 WEST  180 STREET;Closed;MANHATTAN;40.84965240254497;-73.93699088184009
61791448;2024-07-13 11:41:00;DEP;Water System;21 HART STREET;Closed;BROOKLYN;40.69292910980076;-73.95093942126415
61791436;2024-07-13 14:17:03;DSNY;Graffiti;540 DRIGGS AVENUE;Closed;BROOKLYN;40.71733216506101;-73.95613053012917
61791469;2024-07-13 09:47:00;DEP;Water System;1263 ROSEDALE AVENUE;Closed;BRONX;40.83156270394948;-73.86920269544896
61791471;2024-07-13 10:53:00;DEP;Water System;2350 CRESTON AVENUE;Closed;BRONX;40.85920260109567;-73.90007180046051
61791551;2024-07-13 08:59:00;DEP;Sewer;520 CALHOUN AVENUE;Closed;BRONX;40.82208124157419;-73.82126861422309
61791564;2024-07-13 11:20:00;DEP;Sewer;106 SUFFOLK STREET;Closed;MANHATTAN;40.71874775735738;-73.986194225742
61791631;2024-07-13 12:59:00;DEP;Sewer;512 CALHOUN AVENUE;Closed;BRONX;40.82194382113239;-73.82114975206429
61791628;2024-07-13 08:58:33;DSNY;Graffiti;3371 EAST TREMONT AVENUE;Closed;BRONX;40.83417795868158;-73.82899480119566
61792088;2024-07-13 08:56:00;DEP;Sewer;359 EAST  204 STREET;Closed;BRONX;40.871932794128256;-73.87757336531755
61792136;2024-07-13 19:26:00;DEP;Water System;47-00 NORTHERN BOULEVARD;Closed;QUEENS;40.7537679822703;-73.91535681515124
61792157;2024-07-13 09:11:00;DEP;Lead;79-46 269 STREET;Closed;QUEENS;40.74727376937495;-73.70313661038992
61792236;2024-07-13 09:29:00;DEP;Noise;439 WEST   36 STREET;Closed;MANHATTAN;40.75544040390597;-73.99717740726967
61792319;2024-07-13 23:41:00;DEP;Water System;2450 FULLER STREET;Closed;BRONX;40.84180315646957;-73.85103594399368
61792359;2024-07-13 23:26:00;DEP;Water System;2447 FULLER STREET;Closed;BRONX;40.84177303939101;-73.851093837721
61792440;2024-07-13 14:19:42;DSNY;Graffiti;611 CARROLL STREET;Closed;BROOKLYN;40.67498717253024;-73.98089297287497
61792463;2024-07-13 11:56:00;DEP;Water System;1370 BRONX RIVER AVENUE;Closed;BRONX;40.83332021498566;-73.88012701567344
61792525;2024-07-13 08:14:00;DEP;Sewer;56-03 196 PLACE;Closed;QUEENS;40.7459166064148;-73.78102387215512
61792593;2024-07-13 05:08:00;DEP;Water System;2214 UNIVERSITY AVENUE;Closed;BRONX;40.8587677040525;-73.90851001201106
61792538;2024-07-14 00:54:12;DHS;Homeless Person Assistance;2170 FREDERICK DOUGLASS BOULEVARD;Closed;MANHATTAN;40.805188135946835;-73.95479392453541
61792545;2024-07-13 14:46:17;DOHMH;Rodent;22 EAST  212 STREET;Closed;BRONX;40.884066078220194;-73.87922543370784
61792673;2024-07-13 10:02:00;DEP;Noise;25-68 34 STREET;Closed;QUEENS;40.76924345158915;-73.91617832385286
61792755;2024-07-13 10:11:00;DEP;Sewer;106 SUFFOLK STREET;Closed;MANHATTAN;40.71874775735738;-73.986194225742
61792759;2024-07-13 11:29:00;DEP;Noise;439 WEST   36 STREET;Closed;MANHATTAN;40.75544040390597;-73.99717740726967
61793163;2024-07-13 19:17:00;DEP;Water System;253 BUSHWICK AVENUE;Closed;BROOKLYN;40.7073118741198;-73.9397692472213
61793165;2024-07-13 10:53:00;DEP;Water System;335 EAST    6 STREET;Closed;MANHATTAN;40.72701512863601;-73.98759959948943
61793217;2024-07-13 15:14:00;DEP;Water System;99 EAST    4 STREET;Closed;MANHATTAN;40.725799292852585;-73.98848014069372
61793268;2024-07-13 09:29:00;DEP;Noise;439 WEST   36 STREET;Closed;MANHATTAN;40.75545687334513;-73.99721711057144
61793329;2024-07-13 01:35:00;DEP;Noise;210 CLINTON WHARF;Closed;BROOKLYN;40.68101267946068;-74.01405394736683
61410119;2024-06-08 08:12:47;NYPD;Drinking;BROADWAY;Closed;MANHATTAN;40.78384401265165;-73.97998787457806
61793366;2024-07-12 08:33:08;HPD;DOOR/WINDOW;609 EAST  238 STREET;Closed;BRONX;40.89966667454724;-73.85739568000359
61793452;2024-07-14 13:39:47;HPD;UNSANITARY CONDITION;53 RICHMOND HILL ROAD;Closed;STATEN ISLAND;40.5880977289772;-74.16609055499437
61793490;2024-07-12 08:13:33;HPD;PAINT/PLASTER;121 FT GEORGE AVENUE;Closed;MANHATTAN;40.85746342279737;-73.92699164532567
61410183;2024-06-08 13:24:25;NYPD;Noise - Residential;735 WALTON AVENUE;Closed;BRONX;40.82404048173864;-73.92602746633291
61793586;2024-07-14 15:53:28;DSNY;Graffiti;93 CANAL STREET;Closed;MANHATTAN;40.71544920989891;-73.99368003151432
61793691;2024-07-14 12:17:00;DEP;Water System;883 FAILE STREET;Closed;BRONX;40.8193847605768;-73.88778984153906
61793726;2024-07-14 22:56:47;HPD;HEAT/HOT WATER;1255 LONGFELLOW AVENUE;Closed;BRONX;40.82917543940849;-73.8880660202654
61793752;2024-07-14 20:06:53;DHS;Homeless Person Assistance;43 COLUMBIA STREET;Closed;MANHATTAN;40.716485264014416;-73.9805744523006
61793771;2024-07-14 15:23:18;HPD;HEAT/HOT WATER;218 THOMPSON STREET;Closed;MANHATTAN;40.72907436003559;-73.99911242572573
61793778;2024-07-14 19:01:10;HPD;HEAT/HOT WATER;98 THAYER STREET;Closed;MANHATTAN;40.864553480226554;-73.92778285987147
61793794;2024-07-14 11:05:06;HPD;HEAT/HOT WATER;2321 2 AVENUE;Closed;MANHATTAN;40.79903670095796;-73.93629836912237
61793830;2024-07-14 14:05:12;HPD;HEAT/HOT WATER;1266 OLMSTEAD AVENUE;Closed;BRONX;40.833200131651935;-73.85448097169017
61793887;2024-07-14 13:49:42;HPD;HEAT/HOT WATER;98 VERMILYEA AVENUE;Closed;MANHATTAN;40.8661747258778;-73.922220513632
61793889;2024-07-14 11:43:50;HPD;HEAT/HOT WATER;3341 BROADWAY;Closed;MANHATTAN;40.820201848717986;-73.95501134237715
61793893;2024-07-14 14:16:53;HPD;HEAT/HOT WATER;858 SOUTHERN BOULEVARD;Closed;BRONX;40.817966586502905;-73.89450129091743
61793897;2024-07-14 12:35:43;DHS;Homeless Person Assistance;2 BROADWAY;Closed;MANHATTAN;40.70411824710046;-74.01318600313928
61793973;2024-07-14 11:18:30;HPD;HEAT/HOT WATER;98 VERMILYEA AVENUE;Closed;MANHATTAN;40.8661747258778;-73.922220513632
61793983;2024-07-14 13:03:41;HPD;WATER LEAK;655 EAST  233 STREET;Closed;BRONX;40.893932298173176;-73.8590356224967
61793986;2024-07-12 10:21:24;HPD;HEAT/HOT WATER;281 EAST  149 STREET;Closed;BRONX;40.817148448585854;-73.92180092337647
61793989;2024-07-14 13:50:07;HPD;HEAT/HOT WATER;98 VERMILYEA AVENUE;Closed;MANHATTAN;40.8661747258778;-73.922220513632
61793993;2024-07-14 11:43:59;HPD;HEAT/HOT WATER;35-64 84 STREET;Closed;QUEENS;40.75159302851327;-73.8827644638668
61793998;2024-07-14 10:43:54;HPD;HEAT/HOT WATER;1304 COLLEGE AVENUE;Closed;BRONX;40.83541830677405;-73.91180899119242
61794000;2024-07-14 13:52:48;HPD;HEAT/HOT WATER;98 VERMILYEA AVENUE;Closed;MANHATTAN;40.8661747258778;-73.922220513632
61794033;2024-07-14 10:42:04;HPD;HEAT/HOT WATER;964 EAST   43 STREET;Closed;BROOKLYN;40.631471097593405;-73.935024421254
61794083;2024-07-14 08:57:46;HPD;HEAT/HOT WATER;707 EAST  242 STREET;Closed;BRONX;40.905644928726716;-73.84902615882892
61794087;2024-07-14 11:28:03;HPD;HEAT/HOT WATER;98 VERMILYEA AVENUE;Closed;MANHATTAN;40.8661747258778;-73.922220513632
61794130;2024-07-14 11:42:31;HPD;HEAT/HOT WATER;2808 JEROME AVENUE;Closed;BRONX;40.87043993865191;-73.89451204764322
61794194;2024-07-14 11:28:38;HPD;UNSANITARY CONDITION;206 EAST   58 STREET;Closed;MANHATTAN;40.76073295647081;-73.96660990024995
61794191;2024-07-14 08:46:25;DSNY;Graffiti;25 JORALEMON STREET;Closed;BROOKLYN;40.693801417183764;-73.99871261632923
61794218;2024-07-14 11:27:57;HPD;UNSANITARY CONDITION;359 FOUNTAIN AVENUE;Closed;BROOKLYN;40.67066829177173;-73.87417210947952
61794223;2024-07-12 08:31:59;HPD;UNSANITARY CONDITION;609 EAST  238 STREET;Closed;BRONX;40.89966667454724;-73.85739568000359
61794233;2024-07-14 09:39:49;HPD;ELECTRIC;562 WEST  191 STREET;Closed;MANHATTAN;40.855312589116;-73.92860985528253
61410426;2024-06-08 09:22:02;HPD;FLOORING/STAIRS;705 FLATBUSH AVENUE;Closed;BROOKLYN;40.65593301899567;-73.9599263470693
61410453;2024-06-08 12:16:14;HPD;PAINT/PLASTER;410 ST NICHOLAS AVENUE;Closed;MANHATTAN;40.81411182353892;-73.94960373018408
61794469;2024-07-12 08:33:10;HPD;UNSANITARY CONDITION;609 EAST  238 STREET;Closed;BRONX;40.89966667454724;-73.85739568000359
61794538;2024-07-14 14:49:56;HPD;ELECTRIC;105 BRIGHTON   11 STREET;Closed;BROOKLYN;40.57990422647543;-73.95773638523328
61794906;2024-07-11 10:25:34;HPD;SAFETY;1001 EAST  167 STREET;Closed;BRONX;40.82681954694534;-73.8899561408463
61410667;2024-06-08 16:03:26;DOT;Curb Condition;1413 WEST SEVENTH STREET;Closed;BROOKLYN;40.611898380398195;-73.98142607221803
61794996;2024-07-14 12:31:19;DSNY;Graffiti;11 ST MARKS PLACE;Closed;MANHATTAN;40.7292357925855;-73.98914703296137
61795125;2024-07-14 10:44:26;DSNY;Graffiti;5121 2 AVENUE;Closed;BROOKLYN;40.64836304318461;-74.01767235284578
61795634;2024-07-11 10:25:35;HPD;UNSANITARY CONDITION;1001 EAST  167 STREET;Closed;BRONX;40.82681954694534;-73.8899561408463
61795685;2024-07-11 14:27:13;HPD;HEAT/HOT WATER;441 CONVENT AVENUE;Closed;MANHATTAN;40.82732792395432;-73.94425318343836
61410799;2024-06-08 09:33:32;DOT;Street Condition;236 EAST   25 STREET;Closed;BROOKLYN;40.64390851859782;-73.95367082366002
61795771;2024-07-11 10:32:27;HPD;GENERAL;1177 WALTON AVENUE;Closed;BRONX;40.83417818434824;-73.92000656758401
61795818;2024-07-14 14:21:03;HPD;GENERAL;1726 DAVIDSON AVENUE;Closed;BRONX;40.847707639852395;-73.91348426609342
61795845;2024-07-14 23:35:17;HPD;HEAT/HOT WATER;273 EAST  239 STREET;Closed;BRONX;40.90019898844802;-73.86883973572907
61410916;2024-06-08 20:31:04;DSNY;Vendor Enforcement;BRONX BOULEVARD;Closed;BRONX;40.895369802244524;-73.86071088820859
61796130;2024-07-14 19:10:16;HPD;PLUMBING;2070 7 AVENUE;Closed;MANHATTAN;40.807960669032425;-73.94907737920948
61410996;2024-06-08 08:56:00;DEP;Noise;16 ST MARKS PLACE;Closed;BROOKLYN;40.68250798966627;-73.98173811190583
61796199;2024-07-14 18:30:04;DHS;Homeless Person Assistance;306 WEST   36 STREET;Closed;MANHATTAN;40.75370280632892;-73.9930772485351
61411027;2024-06-08 01:11:00;DEP;Noise;209-20 18 AVENUE;Closed;QUEENS;40.78191853682074;-73.78341866027448
61796262;2024-07-14 19:41:31;DOHMH;Rodent;916 BERGEN STREET;Closed;BROOKLYN;40.67710252090467;-73.95723134725044
61796408;2024-07-14 11:20:52;HPD;HEAT/HOT WATER;98 VERMILYEA AVENUE;Closed;MANHATTAN;40.8661747258778;-73.922220513632
61796421;2024-07-14 11:34:22;HPD;HEAT/HOT WATER;98 VERMILYEA AVENUE;Closed;MANHATTAN;40.8661747258778;-73.922220513632
61796506;2024-07-14 14:52:25;HPD;HEAT/HOT WATER;1266 OLMSTEAD AVENUE;Closed;BRONX;40.833200131651935;-73.85448097169017
61796517;2024-07-14 13:45:09;HPD;HEAT/HOT WATER;98 VERMILYEA AVENUE;Closed;MANHATTAN;40.8661747258778;-73.922220513632
61796501;2024-07-14 21:42:09;DHS;Homeless Person Assistance;182 WEST FOURTH STREET;Closed;MANHATTAN;40.73249705846839;-74.0018329711023
61796563;2024-07-14 15:02:48;HPD;HEAT/HOT WATER;3435 OLINVILLE AVENUE;Closed;BRONX;40.876437389391874;-73.86810916351783
61796670;2024-07-14 14:44:31;HPD;HEAT/HOT WATER;220 PARK AVENUE;Closed;MANHATTAN;40.75436749897978;-73.97605527006903
61796697;2024-07-14 13:48:16;HPD;HEAT/HOT WATER;98 VERMILYEA AVENUE;Closed;MANHATTAN;40.8661747258778;-73.922220513632
61796699;2024-07-14 15:01:34;HPD;HEAT/HOT WATER;603 WEST  184 STREET;Closed;MANHATTAN;40.85120621118821;-73.93267351623494
61796718;2024-07-14 21:10:18;HPD;HEAT/HOT WATER;3333D BROADWAY;Closed;MANHATTAN;40.81954878958113;-73.95548507786823
61411170;2024-06-08 16:19:04;NYPD;Bike/Roller/Skate Chronic;14 AVENUE;Closed;BROOKLYN;40.61273370169838;-74.01171285024176
61796743;2024-07-14 08:18:33;HPD;HEAT/HOT WATER;603 WEST  184 STREET;Closed;MANHATTAN;40.85120621118821;-73.93267351623494
61796735;2024-07-14 03:08:00;DEP;Noise;29-22 NORTHERN BOULEVARD;Closed;QUEENS;40.74926104066416;-73.9366130407669
61796774;2024-07-14 13:57:11;HPD;HEAT/HOT WATER;98 VERMILYEA AVENUE;Closed;MANHATTAN;40.8661747258778;-73.922220513632
61796799;2024-07-11 00:48:35;HPD;HEAT/HOT WATER;1304 COLLEGE AVENUE;Closed;BRONX;40.83541830677405;-73.91180899119242
61796805;2024-07-14 15:17:06;HPD;UNSANITARY CONDITION;2559 7 AVENUE;Closed;MANHATTAN;40.823468260248696;-73.93773107808569
61796806;2024-07-14 11:29:16;HPD;HEAT/HOT WATER;98 VERMILYEA AVENUE;Closed;MANHATTAN;40.8661747258778;-73.922220513632
61796830;2024-07-12 08:13:57;HPD;ELECTRIC;463 52 STREET;Closed;BROOKLYN;40.644532017167435;-74.01237065736271
61796850;2024-07-14 11:28:30;HPD;HEAT/HOT WATER;98 VERMILYEA AVENUE;Closed;MANHATTAN;40.8661747258778;-73.922220513632
61796930;2024-07-12 08:14:24;HPD;ELECTRIC;463 52 STREET;Closed;BROOKLYN;40.644532017167435;-74.01237065736271
61796917;2024-07-14 10:45:26;DSNY;Graffiti;181 53 STREET;Closed;BROOKLYN;40.64779187003067;-74.0192794205663
61797242;2024-07-14 12:29:01;DSNY;Graffiti;197 2 AVENUE;Closed;MANHATTAN;40.73130221876522;-73.98571534939656
61797258;2024-07-14 12:00:58;HPD;APPLIANCE;302 STOCKHOLM STREET;Closed;BROOKLYN;40.70289134753012;-73.91943917617884
61797559;2024-07-14 07:59:00;DEP;Water System;125 BEACH   19 STREET;Closed;QUEENS;40.59365369795934;-73.75320352537565
61797654;2024-07-11 14:32:55;HPD;PAINT/PLASTER;1281 HOE AVENUE;Closed;BRONX;40.830569545085666;-73.8907087804424
61797728;2024-07-14 11:28:38;HPD;UNSANITARY CONDITION;359 FOUNTAIN AVENUE;Closed;BROOKLYN;40.67066829177173;-73.87417210947952
61797743;2024-07-14 11:18:52;HPD;HEAT/HOT WATER;98 VERMILYEA AVENUE;Closed;MANHATTAN;40.8661747258778;-73.922220513632
61797762;2024-07-14 13:47:06;HPD;HEAT/HOT WATER;98 VERMILYEA AVENUE;Closed;MANHATTAN;40.8661747258778;-73.922220513632
61797769;2024-07-14 14:27:51;HPD;HEAT/HOT WATER;1266 OLMSTEAD AVENUE;Closed;BRONX;40.833200131651935;-73.85448097169017
61797775;2024-07-14 13:38:09;HPD;HEAT/HOT WATER;1190 CLAY AVENUE;Closed;BRONX;40.831920812280146;-73.91085963552318
61797843;2024-07-12 08:01:22;HPD;HEAT/HOT WATER;1304 COLLEGE AVENUE;Closed;BRONX;40.83541830677405;-73.91180899119242
61797861;2024-07-14 12:06:50;HPD;HEAT/HOT WATER;764 EAST  152 STREET;Closed;BRONX;40.81571257725046;-73.906538850551
61797860;2024-07-11 10:59:10;HPD;PAINT/PLASTER;75-15 210 STREET;Closed;QUEENS;40.73695675956252;-73.76253828633175
61797874;2024-07-14 15:19:11;HPD;HEAT/HOT WATER;98 VERMILYEA AVENUE;Closed;MANHATTAN;40.8661747258778;-73.922220513632
61797900;2024-07-14 14:44:17;HPD;HEAT/HOT WATER;85 HOLLAND AVENUE;Closed;STATEN ISLAND;40.63854233071241;-74.17123167867383
61797953;2024-07-12 08:06:26;HPD;GENERAL;1354 NEW YORK AVENUE;Closed;BROOKLYN;40.63987559161802;-73.94550155914953
61798060;2024-07-14 11:32:42;HPD;PLUMBING;335 EAST    6 STREET;Closed;MANHATTAN;40.72701512863601;-73.98759959948943
61798162;2024-07-11 01:15:39;HPD;ELECTRIC;148 WEST  141 STREET;Closed;MANHATTAN;40.818487539498435;-73.93950243395435
61798186;2024-07-14 11:04:43;HPD;HEAT/HOT WATER;616 EAST  181 STREET;Closed;BRONX;40.85019950101705;-73.89048133854713
61411503;2024-06-08 12:16:27;HPD;DOOR/WINDOW;410 ST NICHOLAS AVENUE;Closed;MANHATTAN;40.81411182353892;-73.94960373018408
61411582;2024-06-08 12:16:27;HPD;APPLIANCE;410 ST NICHOLAS AVENUE;Closed;MANHATTAN;40.81411182353892;-73.94960373018408
61798311;2024-07-14 12:33:41;HPD;HEAT/HOT WATER;35-64 84 STREET;Closed;QUEENS;40.75159302851327;-73.8827644638668
61798384;2024-07-14 22:17:00;DEP;Lead;245 EAST   44 STREET;Closed;MANHATTAN;40.75163292737109;-73.97245783326984
61411645;2024-06-08 22:29:58;NYPD;Blocked Driveway;129-27 135 STREET;Closed;QUEENS;40.6720104332122;-73.80357754982215
61798410;2024-07-14 14:06:38;HPD;HEAT/HOT WATER;98 VERMILYEA AVENUE;Closed;MANHATTAN;40.8661747258778;-73.922220513632
61798457;2024-07-14 10:58:08;HPD;HEAT/HOT WATER;305 EAST  111 STREET;Closed;MANHATTAN;40.79367535536639;-73.93974889648551
61798476;2024-07-14 14:48:46;HPD;HEAT/HOT WATER;98 VERMILYEA AVENUE;Closed;MANHATTAN;40.8661747258778;-73.922220513632
61798528;2024-07-11 07:27:40;HPD;HEAT/HOT WATER;225 EAST  149 STREET;Closed;BRONX;40.81778962689832;-73.92428580158358
61798575;2024-07-14 19:37:48;DHS;Homeless Person Assistance;74 7 AVENUE SOUTH;Closed;MANHATTAN;40.732082555964176;-74.00369117672027
61798758;2024-07-14 13:50:47;HPD;PLUMBING;335 EAST   22 STREET;Closed;MANHATTAN;40.73683486840212;-73.98044583240402
61798771;2024-07-12 08:13:33;HPD;UNSANITARY CONDITION;121 FT GEORGE AVENUE;Closed;MANHATTAN;40.85746342279737;-73.92699164532567
61798761;2024-07-14 03:26:05;DHS;Encampment;135-20 JAMAICA AVENUE;Closed;QUEENS;40.70241498983596;-73.81730842305254
61798853;2024-07-12 06:25:41;HPD;ELECTRIC;936 HEGEMAN AVENUE;Closed;BROOKLYN;40.665734711170096;-73.8781464795027
61798954;2024-07-14 11:31:59;HPD;GENERAL;3195 ROCHAMBEAU AVENUE;Closed;BRONX;40.876193005320054;-73.88061743530697
61798965;2024-07-14 11:01:55;HPD;PLUMBING;14 EAST  125 STREET;Closed;MANHATTAN;40.80617036004671;-73.94170262567204
61411838;2024-06-07 06:44:00;DSNY;Derelict Vehicles;815 EAST   49 STREET;Closed;BROOKLYN;40.64133033502996;-73.93026929826864
61799389;2024-07-14 22:37:12;DHS;Homeless Person Assistance;300 WEST   44 STREET;Closed;MANHATTAN;40.75870618571434;-73.98927578749486
61799590;2024-07-14 11:32:43;HPD;WATER LEAK;359 FOUNTAIN AVENUE;Closed;BROOKLYN;40.67066829177173;-73.87417210947952
61799691;2024-07-14 15:19:38;HPD;HEAT/HOT WATER;98 VERMILYEA AVENUE;Closed;MANHATTAN;40.8661747258778;-73.922220513632
61799687;2024-07-14 17:40:54;DOHMH;Rodent;2794 8 AVENUE;Closed;MANHATTAN;40.8250203868622;-73.94030585771594
61799773;2024-07-14 14:28:26;HPD;HEAT/HOT WATER;231 WEST  230 STREET;Closed;BRONX;40.87758713153509;-73.90730888779717
61412038;2024-06-08 11:17:00;DEP;Noise;126 WINTHROP STREET;Closed;BROOKLYN;40.65675760982617;-73.9556009140761
61412040;2024-06-08 09:23:00;DEP;Noise;330 GRAND STREET;Closed;MANHATTAN;40.71706837791867;-73.99023483428839
61412068;2024-06-08 09:17:00;DEP;Water System;751 NEW JERSEY AVENUE;Closed;BROOKLYN;40.660993976169344;-73.89134704687582
61799869;2024-07-14 17:29:01;DHS;Homeless Person Assistance;5 TUDOR CITY PLACE;Closed;MANHATTAN;40.748053464825695;-73.97118531720243
61799999;2024-07-14 15:16:42;HPD;PAINT/PLASTER;200 MARCY PLACE;Closed;BRONX;40.83738002961611;-73.91446260789307
61800098;2024-07-14 20:49:41;HPD;HEAT/HOT WATER;3440 GATES PLACE;Closed;BRONX;40.882895863489935;-73.88361784074065
61800107;2024-07-14 15:18:18;HPD;HEAT/HOT WATER;305 EAST  111 STREET;Closed;MANHATTAN;40.79367535536639;-73.93974889648551
61800174;2024-07-14 13:56:28;HPD;HEAT/HOT WATER;98 VERMILYEA AVENUE;Closed;MANHATTAN;40.8661747258778;-73.922220513632
61800129;2024-07-11 07:36:44;HPD;DOOR/WINDOW;1412 BRISTOW STREET;Closed;BRONX;40.833677981859395;-73.89519550433202
61800215;2024-07-14 14:48:13;HPD;HEAT/HOT WATER;1255 LONGFELLOW AVENUE;Closed;BRONX;40.82917543940849;-73.8880660202654
61800223;2024-07-14 14:06:14;HPD;HEAT/HOT WATER;98 VERMILYEA AVENUE;Closed;MANHATTAN;40.8661747258778;-73.922220513632
61800251;2024-07-14 14:17:55;HPD;HEAT/HOT WATER;85 HOLLAND AVENUE;Closed;STATEN ISLAND;40.63854233071241;-74.17123167867383
61800254;2024-07-14 14:18:20;HPD;HEAT/HOT WATER;35-64 84 STREET;Closed;QUEENS;40.75159302851327;-73.8827644638668
61800259;2024-07-14 13:55:20;HPD;HEAT/HOT WATER;98 VERMILYEA AVENUE;Closed;MANHATTAN;40.8661747258778;-73.922220513632
61800269;2024-07-14 15:20:11;HPD;HEAT/HOT WATER;305 EAST  111 STREET;Closed;MANHATTAN;40.79367535536639;-73.93974889648551
61412216;2024-06-08 13:12:47;NYPD;Blocked Driveway;19-22 24 AVENUE;Closed;QUEENS;40.777284455487504;-73.92247237804533
61800281;2024-07-12 08:15:02;HPD;HEAT/HOT WATER;764 EAST  152 STREET;Closed;BRONX;40.81571257725046;-73.906538850551
61800295;2024-07-12 08:13:57;HPD;UNSANITARY CONDITION;463 52 STREET;Closed;BROOKLYN;40.644532017167435;-74.01237065736271
61800351;2024-07-14 08:08:00;DEP;Water System;1301 MERRIAM AVENUE;Closed;BRONX;40.84060220255616;-73.92621505303289
61800409;2024-07-14 14:03:02;HPD;HEAT/HOT WATER;98 VERMILYEA AVENUE;Closed;MANHATTAN;40.8661747258778;-73.922220513632
61800706;2024-07-12 08:14:26;HPD;ELECTRIC;177 LEFFERTS PLACE;Closed;BROOKLYN;40.68046743777244;-73.95676048773169
61800789;2024-07-12 08:15:09;HPD;WATER LEAK;463 52 STREET;Closed;BROOKLYN;40.644532017167435;-74.01237065736271
61801065;2024-07-14 11:48:06;HPD;UNSANITARY CONDITION;145-45 79 STREET;Closed;QUEENS;40.669538147386724;-73.85604565612692
61801084;2024-07-14 11:28:40;HPD;UNSANITARY CONDITION;359 FOUNTAIN AVENUE;Closed;BROOKLYN;40.67066829177173;-73.87417210947952
61801096;2024-07-14 12:51:48;HPD;UNSANITARY CONDITION;308 WEST  153 STREET;Closed;MANHATTAN;40.827956256889806;-73.93844955571153
61801099;2024-07-11 09:23:14;HPD;PAINT/PLASTER;488 EAST  163 STREET;Closed;BRONX;40.824405131686454;-73.91002421565749
61801125;2024-07-14 13:13:04;DHS;Homeless Person Assistance;105 ELLWOOD STREET;Closed;MANHATTAN;40.86169721771338;-73.92934773728363
61801144;2024-07-14 13:46:59;HPD;ELECTRIC;1332 CHISHOLM STREET;Closed;BRONX;40.83105448094549;-73.89568746714131
61801149;2024-07-14 19:28:37;HPD;WATER LEAK;655 EAST  233 STREET;Closed;BRONX;40.893932298173176;-73.8590356224967
61801237;2024-07-11 09:40:25;HPD;HEAT/HOT WATER;812 EAST  226 STREET;Closed;BRONX;40.88737214176663;-73.85652151455999
61801210;2024-07-14 12:55:07;HPD;PAINT/PLASTER;438 SAPPHIRE STREET;Closed;BROOKLYN;40.6673621680182;-73.85655140457447
61801241;2024-07-14 14:16:22;HPD;HEAT/HOT WATER;35-64 84 STREET;Closed;QUEENS;40.75159302851327;-73.8827644638668
61801266;2024-07-12 08:13:57;HPD;ELECTRIC;463 52 STREET;Closed;BROOKLYN;40.644532017167435;-74.01237065736271
61801271;2024-07-14 10:01:15;HPD;HEAT/HOT WATER;231 WEST  230 STREET;Closed;BRONX;40.87758713153509;-73.90730888779717
61412528;2024-06-08 12:16:27;HPD;GENERAL;410 ST NICHOLAS AVENUE;Closed;MANHATTAN;40.81411182353892;-73.94960373018408
61412544;2024-06-08 12:16:14;HPD;PLUMBING;410 ST NICHOLAS AVENUE;Closed;MANHATTAN;40.81411182353892;-73.94960373018408
61801346;2024-07-12 08:13:57;HPD;PAINT/PLASTER;463 52 STREET;Closed;BROOKLYN;40.644532017167435;-74.01237065736271
61412562;2024-06-08 09:22:02;HPD;UNSANITARY CONDITION;705 FLATBUSH AVENUE;Closed;BROOKLYN;40.65593301899567;-73.9599263470693
61801315;2024-07-14 18:52:08;HPD;UNSANITARY CONDITION;70-15 65 PLACE;Closed;QUEENS;40.70361654136553;-73.89025328957442
61801544;2024-07-14 18:53:45;DSNY;Graffiti;3 CORSON AVENUE;Closed;STATEN ISLAND;40.638261137176436;-74.07903074155942
61801605;2024-07-14 12:12:01;DSNY;Graffiti;244 EAST   23 STREET;Closed;MANHATTAN;40.73838592453297;-73.9821125179784
61801665;2024-07-14 15:03:32;HPD;HEAT/HOT WATER;3440 GATES PLACE;Closed;BRONX;40.882895863489935;-73.88361784074065
61801670;2024-07-11 09:26:26;HPD;WATER LEAK;300 VERNON AVENUE;Closed;BROOKLYN;40.69571514880267;-73.93960301874547
61801739;2024-07-14 11:37:27;HPD;HEAT/HOT WATER;610 ST NICHOLAS AVENUE;Closed;MANHATTAN;40.82089250757124;-73.94624211397887
61412667;2024-06-08 07:00:19;DPR;Damaged Tree;311 WEST  236 STREET;Closed;BRONX;40.8848826971021;-73.90416684127365
61801748;2024-07-14 10:29:00;DEP;Water System;52 EAST   61 STREET;Closed;MANHATTAN;40.76459297998595;-73.96993272892006
61801787;2024-07-11 07:49:00;HPD;PLUMBING;2729 MORGAN AVENUE;Closed;BRONX;40.86580629735012;-73.84529868933532
61801802;2024-07-14 15:18:01;HPD;HEAT/HOT WATER;98 VERMILYEA AVENUE;Closed;MANHATTAN;40.8661747258778;-73.922220513632
61801838;2024-07-14 14:12:37;HPD;HEAT/HOT WATER;1266 OLMSTEAD AVENUE;Closed;BRONX;40.833200131651935;-73.85448097169017
61801857;2024-07-14 12:50:11;HPD;HEAT/HOT WATER;764 EAST  152 STREET;Closed;BRONX;40.81571257725046;-73.906538850551
61801881;2024-07-14 14:25:34;HPD;HEAT/HOT WATER;764 EAST  152 STREET;Closed;BRONX;40.81571257725046;-73.906538850551
61801940;2024-07-12 09:43:46;HPD;HEAT/HOT WATER;160-30 CLAUDE AVENUE;Closed;QUEENS;40.69056045995513;-73.78854378245241
61801942;2024-07-14 13:52:25;HPD;HEAT/HOT WATER;98 VERMILYEA AVENUE;Closed;MANHATTAN;40.8661747258778;-73.922220513632
61801929;2024-07-14 13:42:20;HPD;WATER LEAK;34-15 PARSONS BOULEVARD;Closed;QUEENS;40.76662240767543;-73.82388312211818
61801984;2024-07-14 14:10:14;HPD;HEAT/HOT WATER;1266 OLMSTEAD AVENUE;Closed;BRONX;40.833200131651935;-73.85448097169017
61802026;2024-07-14 14:34:56;HPD;HEAT/HOT WATER;35-64 84 STREET;Closed;QUEENS;40.75159302851327;-73.8827644638668
61802107;2024-07-14 06:51:00;DSNY;Graffiti;2250 GRAND AVENUE;Closed;BRONX;40.858436358830446;-73.90604500691578
61412808;2024-06-08 21:53:43;NYPD;Noise - Vehicle;248 STOCKHOLM STREET;Closed;BROOKLYN;40.70146229865458;-73.9208438442585
61802971;2024-07-11 09:26:26;HPD;UNSANITARY CONDITION;300 VERNON AVENUE;Closed;BROOKLYN;40.69571514880267;-73.93960301874547
61413006;2024-06-08 14:44:00;DEP;Noise;2971 SHELL ROAD;Closed;BROOKLYN;40.58035693043298;-73.97616445632941
61413004;2024-06-08 15:59:00;DEP;Noise;262 RUTLAND ROAD;Closed;BROOKLYN;40.65930332397462;-73.95200938440716
61802972;2024-07-14 12:08:24;HPD;PAINT/PLASTER;55 WINTHROP STREET;Closed;BROOKLYN;40.65662129596871;-73.95806621423951
61413009;2024-06-08 11:32:00;DEP;Noise;90 1 PLACE;Closed;BROOKLYN;40.680456319867;-73.99741853711582
61413012;2024-06-08 08:17:00;DEP;Noise;499 PRESIDENT STREET;Closed;BROOKLYN;40.67802645063406;-73.9866569189013
61802973;2024-07-14 22:19:22;HPD;PLUMBING;770 FULTON STREET;Closed;BROOKLYN;40.68480308376534;-73.97070425482374
61803142;2024-07-14 14:25:14;HPD;PLUMBING;120 WEST   25 STREET;Closed;MANHATTAN;40.74452983552042;-73.99270648885614
61803421;2024-07-14 12:59:50;HPD;WATER LEAK;227 HAVEN AVENUE;Closed;MANHATTAN;40.84784908921608;-73.94215043694861
61803513;2024-07-14 11:29:03;HPD;HEAT/HOT WATER;98 VERMILYEA AVENUE;Closed;MANHATTAN;40.8661747258778;-73.922220513632
61803514;2024-07-14 12:18:22;HPD;HEAT/HOT WATER;35-64 84 STREET;Closed;QUEENS;40.75159302851327;-73.8827644638668
61803544;2024-07-14 13:11:40;HPD;HEAT/HOT WATER;98 VERMILYEA AVENUE;Closed;MANHATTAN;40.8661747258778;-73.922220513632
61803583;2024-07-11 08:04:27;HPD;HEAT/HOT WATER;2090 MOHEGAN AVENUE;Closed;BRONX;40.8451618675538;-73.8837525307804
61803640;2024-07-14 11:20:53;HPD;HEAT/HOT WATER;1195 ANDERSON AVENUE;Closed;BRONX;40.83700215523768;-73.92355561618771
61803666;2024-07-14 14:28:17;HPD;HEAT/HOT WATER;1190 CLAY AVENUE;Closed;BRONX;40.831920812280146;-73.91085963552318
61803671;2024-07-14 12:58:37;HPD;HEAT/HOT WATER;2700 MARION AVENUE;Closed;BRONX;40.86551418674293;-73.88968964570094
61803679;2024-07-11 08:38:11;HPD;HEAT/HOT WATER;1304 COLLEGE AVENUE;Closed;BRONX;40.83541830677405;-73.91180899119242
61803728;2024-07-14 13:44:44;HPD;HEAT/HOT WATER;98 VERMILYEA AVENUE;Closed;MANHATTAN;40.8661747258778;-73.922220513632
61803786;2024-07-14 16:04:35;DSNY;Graffiti;120 FORSYTHE STREET;Closed;MANHATTAN;40.71923415734852;-73.99240983513386
61803792;2024-07-14 14:59:28;HPD;HEAT/HOT WATER;305 EAST  111 STREET;Closed;MANHATTAN;40.79367535536639;-73.93974889648551
61803805;2024-07-14 11:18:53;HPD;HEAT/HOT WATER;286 EAST  149 STREET;Closed;BRONX;40.81711822237042;-73.92175037969004
61803795;2024-07-14 13:59:00;DEP;Water System;2981 TIEMANN AVENUE;Closed;BRONX;40.8698086263245;-73.83967424658506
61803828;2024-07-12 10:03:05;HPD;HEAT/HOT WATER;1304 COLLEGE AVENUE;Closed;BRONX;40.83541830677405;-73.91180899119242
55685064;2022-10-12 08:13:47;DSNY;Lot Condition;1299 MYRTLE AVENUE;Closed;BROOKLYN;40.697955528306345;-73.92655684843304
61803851;2024-07-14 13:46:26;HPD;HEAT/HOT WATER;98 VERMILYEA AVENUE;Closed;MANHATTAN;40.8661747258778;-73.922220513632
61803852;2024-07-14 14:34:38;HPD;HEAT/HOT WATER;35-64 84 STREET;Closed;QUEENS;40.75159302851327;-73.8827644638668
61803911;2024-07-14 23:44:38;HPD;HEAT/HOT WATER;2082 MOHEGAN AVENUE;Closed;BRONX;40.8449973236405;-73.88389016233798
61803931;2024-07-14 11:19:54;HPD;HEAT/HOT WATER;98 VERMILYEA AVENUE;Closed;MANHATTAN;40.8661747258778;-73.922220513632
61803929;2024-07-14 07:19:00;DSNY;Graffiti;172 NORTH    6 STREET;Closed;BROOKLYN;40.71700894206477;-73.95789474817225
61804013;2024-07-12 08:13:33;HPD;UNSANITARY CONDITION;121 FT GEORGE AVENUE;Closed;MANHATTAN;40.85746342279737;-73.92699164532567
61804050;2024-07-14 08:05:57;HPD;ELECTRIC;2113 FREDERICK DOUGLASS BOULEVARD;Closed;MANHATTAN;40.80327012401748;-73.95622198597187
61804162;2024-07-11 09:13:09;HPD;UNSANITARY CONDITION;220 DUFFIELD STREET;Closed;BROOKLYN;40.69150299311174;-73.98438244676005
61804403;2024-07-14 16:54:21;DHS;Homeless Person Assistance;16 CLARKSON AVENUE;Closed;BROOKLYN;40.65488413606594;-73.95886018913059
61804507;2024-07-14 11:27:34;HPD;APPLIANCE;8515 AVENUE J;Closed;BROOKLYN;40.63634629192684;-73.90760434562554
61413574;2024-06-08 12:16:14;HPD;FLOORING/STAIRS;410 ST NICHOLAS AVENUE;Closed;MANHATTAN;40.81411182353892;-73.94960373018408
61413603;2024-06-08 12:16:27;HPD;PAINT/PLASTER;410 ST NICHOLAS AVENUE;Closed;MANHATTAN;40.81411182353892;-73.94960373018408
61413620;2024-06-08 12:16:14;HPD;UNSANITARY CONDITION;410 ST NICHOLAS AVENUE;Closed;MANHATTAN;40.81411182353892;-73.94960373018408
61805205;2024-07-14 11:50:27;HPD;HEAT/HOT WATER;2608 CRESTON AVENUE;Closed;BRONX;40.86526514679123;-73.89639665771692
61805203;2024-07-14 11:43:01;DSNY;Graffiti;261 PATCHEN AVENUE;Closed;BROOKLYN;40.682197385330134;-73.92591079317047
61805308;2024-07-14 13:15:53;HPD;HEAT/HOT WATER;98 VERMILYEA AVENUE;Closed;MANHATTAN;40.8661747258778;-73.922220513632
61805309;2024-07-14 13:14:44;HPD;HEAT/HOT WATER;98 VERMILYEA AVENUE;Closed;MANHATTAN;40.8661747258778;-73.922220513632
61805337;2024-07-11 02:07:10;HPD;HEAT/HOT WATER;258 AUDUBON AVENUE;Closed;MANHATTAN;40.847043021525586;-73.93358495066705
61805298;2024-07-14 07:15:16;DSNY;Graffiti;161 NORTH    6 STREET;Closed;BROOKLYN;40.71701991582619;-73.9578803117463
61805405;2024-07-14 13:52:13;HPD;HEAT/HOT WATER;98 VERMILYEA AVENUE;Closed;MANHATTAN;40.8661747258778;-73.922220513632
61805453;2024-07-14 13:49:55;HPD;HEAT/HOT WATER;98 VERMILYEA AVENUE;Closed;MANHATTAN;40.8661747258778;-73.922220513632
61805454;2024-07-14 14:53:55;HPD;HEAT/HOT WATER;1304 COLLEGE AVENUE;Closed;BRONX;40.83541830677405;-73.91180899119242
61805491;2024-07-14 13:30:36;DSNY;Graffiti;3065 PERRY AVENUE;Closed;BRONX;40.872538828142666;-73.87966580549389
61805579;2024-07-14 11:12:12;HPD;HEAT/HOT WATER;2572 WALLACE AVENUE;Closed;BRONX;40.86439769230839;-73.86448513165125
61805569;2024-07-14 13:59:27;DHS;Homeless Person Assistance;456 WEST  167 STREET;Closed;MANHATTAN;40.8388546139094;-73.93679149773955
61805598;2024-07-12 08:01:05;HPD;HEAT/HOT WATER;84-53 DANA COURT;Closed;QUEENS;40.723054310706374;-73.86866164725193
61805605;2024-07-14 10:19:13;HPD;HEAT/HOT WATER;305 EAST  111 STREET;Closed;MANHATTAN;40.79367535536639;-73.93974889648551
61805625;2024-07-14 13:50:05;HPD;HEAT/HOT WATER;1190 CLAY AVENUE;Closed;BRONX;40.831920812280146;-73.91085963552318
61805655;2024-07-14 13:47:27;HPD;HEAT/HOT WATER;98 VERMILYEA AVENUE;Closed;MANHATTAN;40.8661747258778;-73.922220513632
61805670;2024-07-12 08:13:57;HPD;PAINT/PLASTER;463 52 STREET;Closed;BROOKLYN;40.644532017167435;-74.01237065736271
61805710;2024-07-14 15:37:24;DHS;Homeless Person Assistance;1626 BROADWAY;Closed;MANHATTAN;40.76122801792308;-73.98417839003005
61805875;2024-07-12 08:33:07;HPD;WATER LEAK;609 EAST  238 STREET;Closed;BRONX;40.89966667454724;-73.85739568000359
61805792;2024-07-14 15:09:44;HPD;PAINT/PLASTER;1900 LONGFELLOW AVENUE;Closed;BRONX;40.83896831293822;-73.88228523183128
61805834;2024-07-14 07:08:50;DSNY;Graffiti;501 DRIGGS AVENUE;Closed;BROOKLYN;40.718254012145096;-73.95511262521673
61806143;2024-07-14 11:31:53;HPD;FLOORING/STAIRS;206 EAST   58 STREET;Closed;MANHATTAN;40.76073295647081;-73.96660990024995
61806187;2024-07-12 06:07:17;HPD;ELECTRIC;1677 ST JOHNS PLACE;Closed;BROOKLYN;40.670076324001336;-73.9215696163626
61806325;2024-07-14 12:34:26;HPD;PLUMBING;235 WEST  116 STREET;Closed;MANHATTAN;40.80385938209039;-73.9540182298263
61806401;2024-07-14 14:27:23;HPD;PLUMBING;1314 LAFAYETTE AVENUE;Closed;BRONX;40.81687750788494;-73.8864392732609
61806420;2024-07-14 20:30:27;HPD;PLUMBING;2070 7 AVENUE;Closed;MANHATTAN;40.807960669032425;-73.94907737920948
61806430;2024-07-14 13:15:32;HPD;ELECTRIC;1410 GRAND CONCOURSE;Closed;BRONX;40.83910301391248;-73.91353159598717
61414049;2024-06-08 10:38:57;DSNY;Vendor Enforcement;90 BROADWAY;Closed;MANHATTAN;40.7077058116168;-74.01172953773968
61806564;2024-07-14 12:10:14;HPD;UNSANITARY CONDITION;55 WINTHROP STREET;Closed;BROOKLYN;40.65662129596871;-73.95806621423951
61414130;2024-06-08 00:50:00;DEP;Noise;214 SMITH STREET;Closed;BROOKLYN;40.684425014041246;-73.99203520823734
61806644;2024-07-14 22:02:55;DOT;Sidewalk Condition;2204 ANDREWS AVENUE NORTH;Closed;BRONX;40.85897987806806;-73.90956532197156
61806910;2024-07-14 15:48:22;DHS;Homeless Person Assistance;200 WEST   52 STREET;Closed;MANHATTAN;40.76238879923077;-73.98248510391365
61806920;2024-07-14 17:32:32;DHS;Homeless Person Assistance;45 TUDOR CITY PLACE;Closed;MANHATTAN;40.7492938523723;-73.9702464092842
61807089;2024-07-14 15:03:49;DHS;Homeless Person Assistance;2195 FREDERICK DOUGLASS BOULEVARD;Closed;MANHATTAN;40.8060195578369;-73.95421179615657
61807122;2024-07-14 14:23:46;DHS;Homeless Person Assistance;700 RIVERSIDE DRIVE;Closed;MANHATTAN;40.82837388988639;-73.9507889669323
61807129;2024-07-14 17:39:02;DOHMH;Rodent;2252 CROTONA AVENUE;Closed;BRONX;40.85100434454481;-73.88549180695247
61807159;2024-07-14 14:02:12;HPD;HEAT/HOT WATER;3341 BROADWAY;Closed;MANHATTAN;40.820201848717986;-73.95501134237715
61807162;2024-07-14 11:18:06;HPD;HEAT/HOT WATER;98 VERMILYEA AVENUE;Closed;MANHATTAN;40.8661747258778;-73.922220513632
61807175;2024-07-14 11:48:59;HPD;HEAT/HOT WATER;2321 2 AVENUE;Closed;MANHATTAN;40.79903670095796;-73.93629836912237
61807141;2024-07-14 11:34:02;HPD;PAINT/PLASTER;170 VERMILYEA AVENUE;Closed;MANHATTAN;40.86734453983834;-73.91906278851496
61807222;2024-07-14 11:20:33;HPD;HEAT/HOT WATER;98 VERMILYEA AVENUE;Closed;MANHATTAN;40.8661747258778;-73.922220513632
61807299;2024-07-14 11:34:45;HPD;HEAT/HOT WATER;98 VERMILYEA AVENUE;Closed;MANHATTAN;40.8661747258778;-73.922220513632
61807322;2024-07-14 14:07:45;HPD;HEAT/HOT WATER;1304 COLLEGE AVENUE;Closed;BRONX;40.83541830677405;-73.91180899119242
61807431;2024-07-11 12:00:44;HPD;ELECTRIC;70 LEFFERTS PLACE;Closed;BROOKLYN;40.681256571323004;-73.96061419008849
61807482;2024-07-14 18:20:41;DHS;Homeless Person Assistance;1 SHERIDAN SQUARE;Closed;MANHATTAN;40.73288681150958;-74.00195926994134
61807513;2024-07-14 11:43:20;HPD;HEAT/HOT WATER;2906 FREDERICK DOUGLASS BOULEVARD;Closed;MANHATTAN;40.828342957333895;-73.93788189275391
61807515;2024-07-14 10:53:40;HPD;HEAT/HOT WATER;1304 COLLEGE AVENUE;Closed;BRONX;40.83541830677405;-73.91180899119242
61807525;2024-07-14 13:39:00;HPD;HEAT/HOT WATER;3435 OLINVILLE AVENUE;Closed;BRONX;40.876437389391874;-73.86810916351783
61414468;2024-06-08 21:10:42;NYPD;Noise - Residential;25-21 147 STREET;Closed;QUEENS;40.77615383873328;-73.81964436241591
61807713;2024-07-15 05:38:42;DHS;Homeless Person Assistance;1500 BROADWAY;Closed;MANHATTAN;40.7568558730713;-73.98597336511823
61807758;2024-07-15 05:49:58;DHS;Homeless Person Assistance;5 TIMES SQUARE;Closed;MANHATTAN;40.755708713291305;-73.98720804480433
61807910;2024-07-15 07:07:38;DOHMH;Rodent;984 GREENE AVENUE;Closed;BROOKLYN;40.690987832760484;-73.92858025808955
61807955;2024-07-15 22:40:15;DOHMH;Rodent;92 WILSON AVENUE;Closed;BROOKLYN;40.701845618711445;-73.9277499385034
61808106;2024-07-15 22:18:25;DSNY;Graffiti;797 LEXINGTON AVENUE;Closed;MANHATTAN;40.763911465175156;-73.96694402867757
61808635;2024-07-15 10:55:11;DHS;Homeless Person Assistance;3 WEST   31 STREET;Closed;MANHATTAN;40.74672231461396;-73.98636887765505
61808645;2024-07-15 04:09:54;DHS;Homeless Person Assistance;2221 BROADWAY;Closed;MANHATTAN;40.783951045334625;-73.97991923342232
61808648;2024-07-15 08:17:54;DHS;Homeless Person Assistance;38-02 QUEENS BOULEVARD;Closed;QUEENS;40.74410613688942;-73.92690294622201
61808716;2024-07-15 10:39:00;HPD;DOOR/WINDOW;2415 CHURCH AVENUE;Closed;BROOKLYN;40.65055978038178;-73.95531313242267
61808723;2024-07-15 22:07:03;HPD;APPLIANCE;951 HOE AVENUE;Closed;BRONX;40.82208801817637;-73.89033972476959
61808724;2024-07-15 12:52:15;HPD;DOOR/WINDOW;173 FATHER ZEISER PLACE;Closed;BRONX;40.86343512380515;-73.90686585226518
61808722;2024-07-15 14:56:14;HPD;DOOR/WINDOW;40 RICHMAN PLAZA;Closed;BRONX;40.8521960366985;-73.92232722755996
61808737;2024-07-15 16:49:46;HPD;FLOORING/STAIRS;826 CROWN STREET;Closed;BROOKLYN;40.66515499249638;-73.93017590534967
61808730;2024-07-15 02:52:43;HPD;DOOR/WINDOW;235 SULLIVAN STREET;Closed;MANHATTAN;40.72971114621691;-73.99964641012167
61808741;2024-07-15 07:46:26;HPD;FLOORING/STAIRS;2140 BARNES AVENUE;Closed;BRONX;40.8546724674753;-73.86385427474612
61808743;2024-07-15 17:13:36;HPD;GENERAL;608 WEST  189 STREET;Closed;MANHATTAN;40.85444362538682;-73.93042181653267
61808740;2024-07-15 23:12:48;HPD;ELECTRIC;80 EAST   93 STREET;Closed;BROOKLYN;40.662454879624924;-73.92696358609415
61808748;2024-07-15 12:52:15;HPD;GENERAL;173 FATHER ZEISER PLACE;Closed;BRONX;40.86343512380515;-73.90686585226518
61808749;2024-07-15 16:24:33;HPD;GENERAL;150 WEST  225 STREET;Closed;MANHATTAN;40.87512093148135;-73.91246144190357
61808746;2024-07-15 10:30:54;HPD;FLOORING/STAIRS;266 45 STREET;Closed;BROOKLYN;40.65107280418678;-74.01266738234672
61808754;2024-07-15 10:29:47;HPD;GENERAL;1 KENILWORTH PLACE;Closed;BROOKLYN;40.63566247131567;-73.95194351727496
61808759;2024-07-15 02:46:43;HPD;GENERAL;235 SULLIVAN STREET;Closed;MANHATTAN;40.72971114621691;-73.99964641012167
61808763;2024-07-15 15:49:54;HPD;APPLIANCE;1443 BUSHWICK AVENUE;Closed;BROOKLYN;40.6839468969953;-73.90836767624201
61808753;2024-07-15 15:34:37;HPD;GENERAL;37-27 107 STREET;Closed;QUEENS;40.753199512532845;-73.86125721234002
61808752;2024-07-15 00:11:42;HPD;GENERAL;1543 WEST    1 STREET;Closed;BROOKLYN;40.60943785646601;-73.97513843346704
61808764;2024-07-15 13:35:33;HPD;HEAT/HOT WATER;1304 COLLEGE AVENUE;Closed;BRONX;40.83541830677405;-73.91180899119242
61808770;2024-07-15 15:50:14;HPD;DOOR/WINDOW;454 EAST  160 STREET;Closed;BRONX;40.822982339768345;-73.91225182080939
61808776;2024-07-15 10:22:45;HPD;PAINT/PLASTER;108-05 ASTORIA BOULEVARD;Closed;QUEENS;40.760368294144264;-73.86084160017629
61808780;2024-07-15 19:52:18;HPD;ELECTRIC;648 EAST   96 STREET;Closed;BROOKLYN;40.652969745800135;-73.91242858441174
61414734;2024-06-08 21:41:21;HPD;UNSANITARY CONDITION;1274 5 AVENUE;Closed;MANHATTAN;40.79605984776229;-73.94979075566805
61808794;2024-07-15 17:13:55;HPD;PAINT/PLASTER;10 MIDWOOD STREET;Closed;BROOKLYN;40.65953413035001;-73.95980884731233
61808792;2024-07-15 10:07:32;HPD;ELECTRIC;93 LINDEN BOULEVARD;Closed;BROOKLYN;40.652371239667836;-73.95506325152031
61808790;2024-07-15 16:27:51;HPD;ELECTRIC;718 EAST  149 STREET;Closed;BRONX;40.81318657341566;-73.90889419223052
61808803;2024-07-15 14:05:10;HPD;PAINT/PLASTER;561 WEST  144 STREET;Closed;MANHATTAN;40.82523620247919;-73.9496820226978
61808802;2024-07-15 21:26:12;HPD;PAINT/PLASTER;53 EAST  131 STREET;Closed;MANHATTAN;40.8093300190546;-73.93738668006867
61808804;2024-07-15 14:27:10;HPD;PAINT/PLASTER;2911 FREDERICK DOUGLASS BOULEVARD;Closed;MANHATTAN;40.82860361351321;-73.93771181851356
61808807;2024-07-15 15:37:54;HPD;PAINT/PLASTER;75-23 BROADWAY;Closed;QUEENS;40.74610247470196;-73.89004616151965
61808812;2024-07-15 07:46:26;HPD;PAINT/PLASTER;2140 BARNES AVENUE;Closed;BRONX;40.8546724674753;-73.86385427474612
61808810;2024-07-15 18:37:25;HPD;FLOORING/STAIRS;246 WEST   21 STREET;Closed;MANHATTAN;40.743465088620674;-73.99815229192362
61808813;2024-07-15 13:07:52;HPD;PLUMBING;580 WEST  176 STREET;Closed;MANHATTAN;40.84587214574811;-73.93554871798106
61808815;2024-07-15 09:56:58;HPD;PLUMBING;505 EAST  178 STREET;Closed;BRONX;40.8479899040378;-73.89630428649004
61808825;2024-07-15 13:38:51;HPD;PLUMBING;2260 WASHINGTON AVENUE;Closed;BRONX;40.85481891380235;-73.89349213141107
61808820;2024-07-15 21:56:51;HPD;PLUMBING;1241 EAST   85 STREET;Closed;BROOKLYN;40.63224756727094;-73.90334791651068
61808819;2024-07-15 18:45:03;HPD;PLUMBING;1230 AVENUE Y;Closed;BROOKLYN;40.58975804628995;-73.95768694286875
61808831;2024-07-15 13:08:00;HPD;PLUMBING;2055 ANTHONY AVENUE;Closed;BRONX;40.852348279231805;-73.9023449095804
61808834;2024-07-15 14:42:52;HPD;PLUMBING;315 EAST  102 STREET;Closed;MANHATTAN;40.787833852003956;-73.9437662377238
61808837;2024-07-15 17:42:00;HPD;UNSANITARY CONDITION;764 THOMAS S BOYLAND STREET;Closed;BROOKLYN;40.66171675621574;-73.91163134569754
61808843;2024-07-15 12:29:42;HPD;UNSANITARY CONDITION;883 EAST  180 STREET;Closed;BRONX;40.84520488335748;-73.88286333105904
61808844;2024-07-15 13:20:02;HPD;UNSANITARY CONDITION;2101 WESTBURY COURT;Closed;BROOKLYN;40.65668810226277;-73.96070438144623
61808848;2024-07-15 16:49:49;HPD;UNSANITARY CONDITION;805 ST MARKS AVENUE;Closed;BROOKLYN;40.67497591150255;-73.94562789610163
61808841;2024-07-15 09:50:23;HPD;UNSANITARY CONDITION;41-02 53 STREET;Closed;QUEENS;40.74554989822495;-73.9113036128707
61808840;2024-07-15 11:06:58;HPD;UNSANITARY CONDITION;425 ROCKAWAY PARKWAY;Closed;BROOKLYN;40.657635959031175;-73.91622485149466
61808850;2024-07-15 17:13:55;HPD;PAINT/PLASTER;10 MIDWOOD STREET;Closed;BROOKLYN;40.65953413035001;-73.95980884731233
61808858;2024-07-15 20:17:58;HPD;UNSANITARY CONDITION;319 SCHERMERHORN STREET;Closed;BROOKLYN;40.68725641791137;-73.98157094635746
61414844;2024-06-08 20:20:04;DPR;New Tree Request;41-63 76 STREET;In Progress;QUEENS;40.744218588033604;-73.8890171399849
61808871;2024-07-15 15:47:07;HPD;UNSANITARY CONDITION;45 TENNIS COURT;Closed;BROOKLYN;40.64859119272554;-73.96128934169823
61808877;2024-07-15 02:46:44;HPD;UNSANITARY CONDITION;518 EAST  138 STREET;Closed;BRONX;40.80735043073484;-73.9187600665947
61808875;2024-07-15 17:35:13;HPD;UNSANITARY CONDITION;764 THOMAS S BOYLAND STREET;Closed;BROOKLYN;40.66171675621574;-73.91163134569754
61808881;2024-07-15 09:05:56;HPD;UNSANITARY CONDITION;144 WYTHE AVENUE;Closed;BROOKLYN;40.72020449378193;-73.95971453993519
61808883;2024-07-15 02:46:44;HPD;UNSANITARY CONDITION;518 EAST  138 STREET;Closed;BRONX;40.80735043073484;-73.9187600665947
61808886;2024-07-15 09:21:33;HPD;UNSANITARY CONDITION;161 WEST   12 STREET;Closed;MANHATTAN;40.7367322265817;-73.99944430021297
61808887;2024-07-15 17:13:35;HPD;UNSANITARY CONDITION;3515 NEPTUNE AVENUE;Closed;BROOKLYN;40.57698876047244;-74.00237227472925
61808892;2024-07-15 17:10:06;HPD;UNSANITARY CONDITION;14 WEST  102 STREET;Closed;MANHATTAN;40.79582871977077;-73.96275673160734
61808888;2024-07-15 20:01:30;HPD;WATER LEAK;220 KOSCIUSZKO STREET;Closed;BROOKLYN;40.69120877558911;-73.94622046302618
61808899;2024-07-15 08:45:07;HPD;PLUMBING;2461 DAVIDSON AVENUE;Closed;BRONX;40.86318677236925;-73.90194938707823
61808894;2024-07-15 16:17:42;HPD;UNSANITARY CONDITION;32-30 93 STREET;Closed;QUEENS;40.75793388610345;-73.87538612601276
61808902;2024-07-15 12:52:15;HPD;WATER LEAK;173 FATHER ZEISER PLACE;Closed;BRONX;40.86343512380515;-73.90686585226518
61414898;2024-06-08 15:14:22;DPR;Maintenance or Facility;2 MADISON AVENUE;Closed;MANHATTAN;40.741005171942476;-73.98790734144528
61808907;2024-07-15 10:16:42;HPD;WATER LEAK;190 EAST   51 STREET;Closed;BROOKLYN;40.65747773106152;-73.92999292074803
61808908;2024-07-15 18:37:26;HPD;SAFETY;246 WEST   21 STREET;Closed;MANHATTAN;40.743465088620674;-73.99815229192362
61808914;2024-07-15 11:42:31;HPD;UNSANITARY CONDITION;1695 GRAND AVENUE;Closed;BRONX;40.84841624607351;-73.91411588203465
61808915;2024-07-15 14:26:40;HPD;UNSANITARY CONDITION;2809 CORTELYOU ROAD;Closed;BROOKLYN;40.64436287496875;-73.95060037276185
61808917;2024-07-15 16:34:05;HPD;UNSANITARY CONDITION;718 EAST  149 STREET;Closed;BRONX;40.81318657341566;-73.90889419223052
61808919;2024-07-15 17:16:23;HPD;UNSANITARY CONDITION;1407 WHITE PLAINS ROAD;Closed;BRONX;40.83610930166641;-73.86326706863208
61808923;2024-07-15 12:45:29;HPD;WATER LEAK;915 WASHINGTON AVENUE;Closed;BROOKLYN;40.66743701085291;-73.96175061887041
61808929;2024-07-15 11:58:01;HPD;FLOORING/STAIRS;1566 EASTERN PARKWAY EXTENSION;Closed;BROOKLYN;40.6709728992122;-73.9163018265456
61808930;2024-07-15 00:36:43;HPD;PAINT/PLASTER;6223 5 AVENUE;Closed;BROOKLYN;40.63816344507708;-74.01752192413504
61808931;2024-07-15 11:13:44;HPD;UNSANITARY CONDITION;440 JACKSON AVENUE;Closed;BRONX;40.810308314568466;-73.91011190899562
61808937;2024-07-15 11:29:25;HPD;DOOR/WINDOW;861 48 STREET;Closed;BROOKLYN;40.641472240243615;-74.001264754329
61808938;2024-07-15 15:56:34;HPD;APPLIANCE;522 WEST  123 STREET;Closed;MANHATTAN;40.811752340547116;-73.95899442523704
61808936;2024-07-15 16:37:31;HPD;PAINT/PLASTER;718 EAST  149 STREET;Closed;BRONX;40.81318657341566;-73.90889419223052
61808928;2024-07-15 13:52:20;HPD;SAFETY;677 EAST    4 STREET;Closed;BROOKLYN;40.63530746564549;-73.9749162212715
61808943;2024-07-15 14:57:41;HPD;APPLIANCE;1599 BERGEN STREET;Closed;BROOKLYN;40.67501409061753;-73.92994206705205
61808942;2024-07-15 13:45:50;HPD;APPLIANCE;29-10 BROADWAY;Closed;QUEENS;40.76263587169043;-73.92681763304167
61415205;2024-06-08 16:08:00;DEP;Noise;629 CLASSON AVENUE;Closed;BROOKLYN;40.679153339248174;-73.95852073839743
61809803;2024-07-15 14:50:22;DSNY;Graffiti;509 RALPH AVENUE;Closed;BROOKLYN;40.672031085810474;-73.9222774910721
61810145;2024-07-15 11:19:36;HPD;APPLIANCE;861 48 STREET;Closed;BROOKLYN;40.641472240243615;-74.001264754329
61810148;2024-07-15 18:53:46;HPD;APPLIANCE;1135 EVERGREEN AVENUE;Closed;BRONX;40.82682130164821;-73.88068072301039
61810147;2024-07-15 15:50:14;HPD;APPLIANCE;454 EAST  160 STREET;Closed;BRONX;40.822982339768345;-73.91225182080939
61810149;2024-07-15 09:43:26;HPD;DOOR/WINDOW;2411 FREDERICK DOUGLAS BOULEVARD;Closed;MANHATTAN;40.81282713425973;-73.94923983376826
61810146;2024-07-15 21:16:09;HPD;APPLIANCE;31-41 23 STREET;Closed;QUEENS;40.76571157025244;-73.92935931152253
61810152;2024-07-15 20:15:00;HPD;DOOR/WINDOW;870 ST NICHOLAS AVENUE;Closed;MANHATTAN;40.829648766864956;-73.94185188825256
61810156;2024-07-15 14:26:35;HPD;DOOR/WINDOW;2181 3 AVENUE;Closed;MANHATTAN;40.79979002951565;-73.93864535676255
61810154;2024-07-15 13:26:09;HPD;APPLIANCE;916 REV JAMES POLITE AVENUE;Closed;BRONX;40.820871713141045;-73.89891900352112
61810159;2024-07-15 08:20:12;HPD;DOOR/WINDOW;741 COSTER STREET;Closed;BRONX;40.81522635243231;-73.88763066874677
61810153;2024-07-15 18:56:52;HPD;APPLIANCE;84-20 AUSTIN STREET;Closed;QUEENS;40.70766822944756;-73.82782970552944
61810168;2024-07-15 16:49:46;HPD;FLOORING/STAIRS;826 CROWN STREET;Closed;BROOKLYN;40.66515499249638;-73.93017590534967
61810164;2024-07-15 08:45:08;HPD;ELECTRIC;2461 DAVIDSON AVENUE;Closed;BRONX;40.86318677236925;-73.90194938707823
61810169;2024-07-15 15:34:42;HPD;APPLIANCE;137 WEST  144 STREET;Closed;MANHATTAN;40.8204906095892;-73.93841671810773
61810163;2024-07-15 14:04:51;HPD;DOOR/WINDOW;55 LENOX ROAD;Closed;BROOKLYN;40.653692477421174;-73.95769324445949
61415282;2024-06-08 04:50:41;NYPD;Illegal Parking;78-30 82 STREET;Closed;QUEENS;40.70446730153838;-73.86673983012173
61810180;2024-07-15 13:55:57;HPD;DOOR/WINDOW;561 WEST  144 STREET;Closed;MANHATTAN;40.82523620247919;-73.9496820226978
61810173;2024-07-15 10:59:15;HPD;ELECTRIC;115 LOGAN STREET;Closed;BROOKLYN;40.683718634805174;-73.87827947351093
61810175;2024-07-15 17:09:55;HPD;FLOORING/STAIRS;178-60 WEXFORD TERRACE;Closed;QUEENS;40.71365218283776;-73.78407695377884
61810178;2024-07-15 03:23:07;HPD;GENERAL;235 SULLIVAN STREET;Closed;MANHATTAN;40.72971114621691;-73.99964641012167
61810192;2024-07-15 13:11:07;HPD;GENERAL;1356 NEW YORK AVENUE;Open;BROOKLYN;40.63983716291374;-73.94549798733397
61810193;2024-07-15 13:23:04;HPD;HEAT/HOT WATER;35-64 84 STREET;Closed;QUEENS;40.75159302851327;-73.8827644638668
61810195;2024-07-15 14:32:54;HPD;ELECTRIC;55 EAST  179 STREET;Closed;BRONX;40.85213838561079;-73.90743110503962
61810197;2024-07-15 12:20:40;HPD;GENERAL;64 SCHOLES STREET;Closed;BROOKLYN;40.70837792176574;-73.94758444934182
61810217;2024-07-15 17:35:13;HPD;PAINT/PLASTER;764 THOMAS S BOYLAND STREET;Closed;BROOKLYN;40.66171675621574;-73.91163134569754
61810222;2024-07-15 22:27:36;HPD;PAINT/PLASTER;11 SEAMAN AVENUE;Closed;MANHATTAN;40.86655695619762;-73.92753844657459
61810212;2024-07-15 11:13:40;HPD;PAINT/PLASTER;771 MONROE STREET;Closed;BROOKLYN;40.68834002809997;-73.92566598363445
61810232;2024-07-15 08:45:08;HPD;PAINT/PLASTER;2461 DAVIDSON AVENUE;Closed;BRONX;40.86318677236925;-73.90194938707823
61810225;2024-07-15 09:31:09;HPD;PAINT/PLASTER;330 WEST   95 STREET;Closed;MANHATTAN;40.79508269493676;-73.97491019376804
61810242;2024-07-15 07:46:26;HPD;PAINT/PLASTER;2140 BARNES AVENUE;Closed;BRONX;40.8546724674753;-73.86385427474612
61810241;2024-07-15 18:37:25;HPD;PAINT/PLASTER;246 WEST   21 STREET;Closed;MANHATTAN;40.743465088620674;-73.99815229192362
61810234;2024-07-15 09:56:58;HPD;PLUMBING;505 EAST  178 STREET;Closed;BRONX;40.8479899040378;-73.89630428649004
61810239;2024-07-15 17:25:49;HPD;PLUMBING;2358 WEBSTER AVENUE;Closed;BRONX;40.85777596403407;-73.89458635897864
61810237;2024-07-15 11:02:29;HPD;PAINT/PLASTER;771 MONROE STREET;Closed;BROOKLYN;40.68834002809997;-73.92566598363445
61810247;2024-07-15 09:53:36;HPD;PAINT/PLASTER;657 EAST   26 STREET;Closed;BROOKLYN;40.63460858123043;-73.95220368634733
61810255;2024-07-15 15:41:23;HPD;PLUMBING;59-29 QUEENS BOULEVARD;Closed;QUEENS;40.74160637319744;-73.90526788866985
61810256;2024-07-15 09:05:56;HPD;UNSANITARY CONDITION;144 WYTHE AVENUE;Closed;BROOKLYN;40.72020449378193;-73.95971453993519
61810260;2024-07-15 15:34:48;HPD;PLUMBING;1356 CLAY AVENUE;Closed;BRONX;40.835860471272795;-73.90862463098405
61810261;2024-07-15 10:42:22;HPD;PLUMBING;207 DYCKMAN STREET;Closed;MANHATTAN;40.86486577425279;-73.92682805670819
61810257;2024-07-15 09:50:29;HPD;PLUMBING;124 EAST  103 STREET;Closed;MANHATTAN;40.79060270525623;-73.94839005197896
61810266;2024-07-15 12:55:16;HPD;UNSANITARY CONDITION;1521 JEFFERSON AVENUE;Closed;BROOKLYN;40.69727199559161;-73.90741172247546
61810271;2024-07-15 19:58:43;HPD;PLUMBING;1434 OGDEN AVENUE;Closed;BRONX;40.843370001565646;-73.92373623836734
61810280;2024-07-15 22:09:47;HPD;PLUMBING;1314 LAFAYETTE AVENUE;Open;BRONX;40.81687750788494;-73.8864392732609
61810289;2024-07-15 15:38:03;HPD;UNSANITARY CONDITION;603 WEST  140 STREET;Closed;MANHATTAN;40.82345086862661;-73.95318812162448
61810279;2024-07-15 12:55:12;HPD;PLUMBING;155 HANCOCK STREET;Closed;BROOKLYN;40.68262180912314;-73.9493569732653
61810288;2024-07-15 18:17:02;HPD;UNSANITARY CONDITION;139 THOMAS S BOYLAND STREET;Closed;BROOKLYN;40.68011398106802;-73.91390719876304
61810287;2024-07-15 14:04:51;HPD;UNSANITARY CONDITION;55 LENOX ROAD;Closed;BROOKLYN;40.653692477421174;-73.95769324445949
61810291;2024-07-15 11:19:36;HPD;PLUMBING;861 48 STREET;Closed;BROOKLYN;40.641472240243615;-74.001264754329
61810295;2024-07-15 10:32:44;HPD;SAFETY;1649 NELSON AVENUE;Closed;BRONX;40.84720339784468;-73.91832464969784
61810300;2024-07-15 18:00:56;HPD;UNSANITARY CONDITION;1051 OCEAN AVENUE;Closed;BROOKLYN;40.6368809628493;-73.95849296875988
61810294;2024-07-15 15:53:24;HPD;SAFETY;1362 WEST    7 STREET;Closed;BROOKLYN;40.612433634947614;-73.98154838181658
61810298;2024-07-15 17:48:26;HPD;UNSANITARY CONDITION;790 ELDERT LANE;Closed;BROOKLYN;40.67055409879978;-73.8631053928292
61810296;2024-07-15 19:52:25;HPD;UNSANITARY CONDITION;134-38 MAPLE AVENUE;Closed;QUEENS;40.75486164419599;-73.82968208459589
61810304;2024-07-15 21:56:51;HPD;PLUMBING;1241 EAST   85 STREET;Closed;BROOKLYN;40.63224756727094;-73.90334791651068
61810311;2024-07-15 15:47:07;HPD;WATER LEAK;45 TENNIS COURT;Closed;BROOKLYN;40.64859119272554;-73.96128934169823
61810316;2024-07-15 16:56:54;HPD;UNSANITARY CONDITION;2049 WEBSTER AVENUE;Closed;BRONX;40.851250096662696;-73.89881138926029
61810317;2024-07-15 23:30:55;HPD;UNSANITARY CONDITION;1784 LINDEN BOULEVARD;Closed;BROOKLYN;40.65774615749246;-73.89649548777841
61810322;2024-07-15 16:40:12;HPD;UNSANITARY CONDITION;1078 PROSPECT PLACE;Closed;BROOKLYN;40.67379323513702;-73.940722406753
61810324;2024-07-15 21:29:16;HPD;UNSANITARY CONDITION;1075 UTICA AVENUE;Closed;BROOKLYN;40.646786708895746;-73.92984197730502
61810328;2024-07-15 20:04:50;HPD;UNSANITARY CONDITION;500 1/2 EAST   84 STREET;Closed;MANHATTAN;40.77445513607864;-73.94773823731342
61810332;2024-07-15 10:50:09;HPD;UNSANITARY CONDITION;225 EAST   63 STREET;Closed;MANHATTAN;40.76375963167554;-73.96403091090507
61810329;2024-07-15 11:29:50;HPD;UNSANITARY CONDITION;547 EAST  168 STREET;Closed;BRONX;40.83085683205033;-73.90519140603094
61810338;2024-07-15 08:20:12;HPD;WATER LEAK;741 COSTER STREET;Closed;BRONX;40.81522635243231;-73.88763066874677
61810336;2024-07-15 10:29:53;HPD;UNSANITARY CONDITION;2591 BRIGGS AVENUE;Closed;BRONX;40.86395050928992;-73.89346304512874
61810337;2024-07-15 10:05:57;HPD;WATER LEAK;1138 ROGERS AVENUE;Closed;BROOKLYN;40.642098833937744;-73.95155692952774
61810346;2024-07-15 10:50:08;HPD;UNSANITARY CONDITION;225 EAST   63 STREET;Closed;MANHATTAN;40.76375963167554;-73.96403091090507
61810339;2024-07-15 19:33:46;HPD;WATER LEAK;2600 CRESTON AVENUE;Closed;BRONX;40.865158168593744;-73.89646913260533
61810345;2024-07-15 07:51:09;HPD;UNSANITARY CONDITION;31-35 CRESCENT STREET;Closed;QUEENS;40.76468368198577;-73.92718359841146
61810344;2024-07-15 18:17:02;HPD;UNSANITARY CONDITION;139 THOMAS S BOYLAND STREET;Closed;BROOKLYN;40.68011398106802;-73.91390719876304
61810342;2024-07-15 15:47:07;HPD;UNSANITARY CONDITION;45 TENNIS COURT;Closed;BROOKLYN;40.64859119272554;-73.96128934169823
61810343;2024-07-15 14:04:51;HPD;UNSANITARY CONDITION;55 LENOX ROAD;Closed;BROOKLYN;40.653692477421174;-73.95769324445949
61810359;2024-07-15 11:58:01;HPD;ELECTRIC;1566 EASTERN PARKWAY EXTENSION;Closed;BROOKLYN;40.6709728992122;-73.9163018265456
61810352;2024-07-15 17:42:41;HPD;UNSANITARY CONDITION;2330 BRONX PARK EAST;Closed;BRONX;40.860161537354465;-73.87071903653766
61810358;2024-07-15 10:38:52;HPD;WATER LEAK;730 EAST   32 STREET;Closed;BROOKLYN;40.633263532189524;-73.9457843779772
61810361;2024-07-15 11:13:44;HPD;FLOORING/STAIRS;440 JACKSON AVENUE;Closed;BRONX;40.810308314568466;-73.91011190899562
61810374;2024-07-15 12:01:54;HPD;SAFETY;1566 EASTERN PARKWAY EXTENSION;Closed;BROOKLYN;40.6709728992122;-73.9163018265456
61810367;2024-07-15 14:48:31;HPD;WATER LEAK;150 VAN CORTLANDT AVENUE EAST;Closed;BRONX;40.87703959132199;-73.88451402576904
61810379;2024-07-15 10:38:54;HPD;APPLIANCE;402 EAST  138 STREET;Closed;BRONX;40.808900977089905;-73.92242110124747
61810381;2024-07-15 17:13:35;HPD;APPLIANCE;3515 NEPTUNE AVENUE;Closed;BROOKLYN;40.57698876047244;-74.00237227472925
61810384;2024-07-15 13:38:51;HPD;APPLIANCE;2260 WASHINGTON AVENUE;Closed;BRONX;40.85481891380235;-73.89349213141107
61810444;2024-07-15 08:49:22;DHS;Homeless Person Assistance;2575 BROADWAY;Closed;MANHATTAN;40.795169712248224;-73.97141412455574
61810438;2024-07-15 17:16:47;HPD;SAFETY;2260 WASHINGTON AVENUE;Closed;BRONX;40.85481891380235;-73.89349213141107
61810445;2024-07-15 21:47:54;HPD;GENERAL;130 ST PAULS PLACE;Closed;BROOKLYN;40.65049649311897;-73.96256036928409
61810454;2024-07-15 07:48:29;DHS;Homeless Person Assistance;7 WEST   51 STREET;Closed;MANHATTAN;40.759387880184185;-73.97725187496349
61415552;2024-06-08 02:18:34;NYPD;Noise - Residential;37-15 30 AVENUE;Closed;QUEENS;40.76455558054324;-73.91638277091631
61811234;2024-07-15 22:42:57;DSNY;Graffiti;52 CHAMBERS STREET;Closed;MANHATTAN;40.7138133710393;-74.0055695158991
61811605;2024-07-15 12:01:54;HPD;PAINT/PLASTER;1566 EASTERN PARKWAY EXTENSION;Closed;BROOKLYN;40.6709728992122;-73.9163018265456
61811608;2024-07-15 10:16:33;HPD;DOOR/WINDOW;631 WEST  152 STREET;Closed;MANHATTAN;40.83119149754304;-73.94802250680976
61811611;2024-07-15 10:33:22;HPD;PLUMBING;47-47 46 STREET;Closed;QUEENS;40.74027210653828;-73.91926406727254
61811610;2024-07-15 09:43:26;HPD;ELECTRIC;2411 FREDERICK DOUGLAS BOULEVARD;Closed;MANHATTAN;40.81282713425973;-73.94923983376826
61811606;2024-07-15 02:28:27;HPD;APPLIANCE;1631 GRAND AVENUE;Closed;BRONX;40.846743038690974;-73.91555657732063
61811617;2024-07-15 21:47:47;HPD;ELECTRIC;259-21A FRANCIS LEWIS BOULEVARD;Closed;QUEENS;40.65620735580203;-73.72750914258724
61811620;2024-07-15 15:45:30;HPD;FLOORING/STAIRS;516 CHAUNCEY STREET;Closed;BROOKLYN;40.682483491946456;-73.91130817498521
61811612;2024-07-15 11:06:49;HPD;ELECTRIC;425 ROCKAWAY PARKWAY;Closed;BROOKLYN;40.657635959031175;-73.91622485149466
61811623;2024-07-15 18:32:18;HPD;FLOORING/STAIRS;643 PORT RICHMOND AVENUE;Closed;STATEN ISLAND;40.62739681846531;-74.14224230826122
61811628;2024-07-15 22:14:08;HPD;GENERAL;1742 EAST  172 STREET;Closed;BRONX;40.83258373587881;-73.86920068822464
61811632;2024-07-15 15:53:24;HPD;DOOR/WINDOW;1362 WEST    7 STREET;Closed;BROOKLYN;40.612433634947614;-73.98154838181658
61811624;2024-07-15 13:33:11;HPD;GENERAL;105 CLARKE PLACE EAST;Closed;BRONX;40.83753545410419;-73.91681506298184
61811631;2024-07-15 05:42:08;HPD;DOOR/WINDOW;340 MAPLE STREET;Closed;BROOKLYN;40.660894179220875;-73.9494023032745
61811636;2024-07-15 21:26:11;HPD;PAINT/PLASTER;53 EAST  131 STREET;Closed;MANHATTAN;40.8093300190546;-73.93738668006867
61811640;2024-07-15 13:32:24;HPD;DOOR/WINDOW;1019 VAN SICLEN AVENUE;Closed;BROOKLYN;40.65503989714099;-73.88232145462146
61811643;2024-07-15 15:34:48;HPD;ELECTRIC;1356 CLAY AVENUE;Closed;BRONX;40.835860471272795;-73.90862463098405
61811642;2024-07-15 12:52:15;HPD;ELECTRIC;173 FATHER ZEISER PLACE;Closed;BRONX;40.86343512380515;-73.90686585226518
61811639;2024-07-15 11:35:26;HPD;DOOR/WINDOW;53 EAST  177 STREET;Closed;BRONX;40.849960351655795;-73.90901732421489
61415770;2024-06-08 12:16:27;HPD;FLOORING/STAIRS;410 ST NICHOLAS AVENUE;Closed;MANHATTAN;40.81411182353892;-73.94960373018408
61415817;2024-06-08 12:16:14;HPD;UNSANITARY CONDITION;410 ST NICHOLAS AVENUE;Closed;MANHATTAN;40.81411182353892;-73.94960373018408
61811648;2024-07-15 23:30:55;HPD;FLOORING/STAIRS;1784 LINDEN BOULEVARD;Closed;BROOKLYN;40.65774615749246;-73.89649548777841
61811646;2024-07-15 15:44:39;HPD;DOOR/WINDOW;635 EAST  169 STREET;Closed;BRONX;40.831391304313954;-73.90103503197089
61811653;2024-07-15 09:59:48;HPD;FLOORING/STAIRS;41-02 53 STREET;Closed;QUEENS;40.74554989822495;-73.9113036128707
61811655;2024-07-15 13:16:44;HPD;FLOORING/STAIRS;406 MARYLAND AVENUE;Closed;STATEN ISLAND;40.60911477512276;-74.0740333105005
61811652;2024-07-15 20:33:14;HPD;ELECTRIC;9201 KINGS HIGHWAY;Closed;BROOKLYN;40.656398942182676;-73.92135863828743
61811666;2024-07-15 20:15:00;HPD;FLOORING/STAIRS;870 ST NICHOLAS AVENUE;Closed;MANHATTAN;40.829648766864956;-73.94185188825256
61811667;2024-07-15 07:46:26;HPD;FLOORING/STAIRS;2140 BARNES AVENUE;Closed;BRONX;40.8546724674753;-73.86385427474612
61811661;2024-07-15 14:20:39;HPD;DOOR/WINDOW;140 CASALS PLACE;Closed;BRONX;40.878857002162135;-73.82399445349276
61811660;2024-07-15 17:07:02;HPD;APPLIANCE;402 EAST  136 STREET;Closed;BRONX;40.80774630721975;-73.92370842287426
61811662;2024-07-15 07:24:01;HPD;GENERAL;221 HIMROD STREET;Closed;BROOKLYN;40.699521466297945;-73.92043501589184
61811670;2024-07-15 00:36:43;HPD;GENERAL;6223 5 AVENUE;Closed;BROOKLYN;40.63816344507708;-74.01752192413504
61811671;2024-07-15 11:58:00;HPD;GENERAL;1566 EASTERN PARKWAY EXTENSION;Closed;BROOKLYN;40.6709728992122;-73.9163018265456
61811676;2024-07-15 10:16:33;HPD;DOOR/WINDOW;631 WEST  152 STREET;Closed;MANHATTAN;40.83119149754304;-73.94802250680976
61811673;2024-07-15 10:33:22;HPD;GENERAL;47-47 46 STREET;Closed;QUEENS;40.74027210653828;-73.91926406727254
61811672;2024-07-15 16:40:39;HPD;GENERAL;718 EAST  149 STREET;Closed;BRONX;40.81318657341566;-73.90889419223052
61811669;2024-07-15 16:46:49;HPD;DOOR/WINDOW;1426 LORING AVENUE;Closed;BROOKLYN;40.66827900466744;-73.85883483894747
61811679;2024-07-15 10:06:15;HPD;GENERAL;511 EAST   11 STREET;Closed;MANHATTAN;40.72823843448996;-73.98127097440101
61811680;2024-07-15 15:49:54;HPD;GENERAL;2010 POWELL AVENUE;Closed;BRONX;40.830479560431925;-73.85622502935952
61811681;2024-07-15 21:26:12;HPD;GENERAL;53 EAST  131 STREET;Closed;MANHATTAN;40.8093300190546;-73.93738668006867
61811686;2024-07-15 20:51:15;HPD;GENERAL;2970 CROSS BRONX EXPRESSWAY;Closed;BRONX;40.82326521272622;-73.82191218621062
61811682;2024-07-15 18:47:51;HPD;GENERAL;880 TINTON AVENUE;Closed;BRONX;40.821290259404606;-73.90370201633748
61811698;2024-07-15 11:02:31;HPD;FLOORING/STAIRS;861 48 STREET;Closed;BROOKLYN;40.641472240243615;-74.001264754329
61811702;2024-07-15 17:26:02;HPD;SAFETY;710 EAST  235 STREET;Closed;BRONX;40.894699865852346;-73.85604633598129
61811703;2024-07-15 17:13:46;HPD;GENERAL;737 EAST  219 STREET;Closed;BRONX;40.8832119473051;-73.8616368427983
61811705;2024-07-15 13:32:24;HPD;GENERAL;1019 VAN SICLEN AVENUE;Closed;BROOKLYN;40.65503989714099;-73.88232145462146
61811712;2024-07-15 15:34:39;HPD;PAINT/PLASTER;137 WEST  144 STREET;Closed;MANHATTAN;40.8204906095892;-73.93841671810773
61811707;2024-07-15 11:58:50;HPD;PAINT/PLASTER;1131 3 AVENUE;Closed;MANHATTAN;40.76600460713779;-73.96332213328154
61811713;2024-07-15 17:42:17;HPD;PAINT/PLASTER;684A MYRTLE AVENUE;Closed;BROOKLYN;40.6945424784366;-73.9563763193143
61811717;2024-07-15 15:13:24;HPD;PAINT/PLASTER;3018 HEATH AVENUE;Closed;BRONX;40.87628246342609;-73.9028304631379
61811716;2024-07-15 11:02:29;HPD;PAINT/PLASTER;20 JORALEMON STREET;Closed;BROOKLYN;40.69381514290194;-73.9988929219376
61811734;2024-07-15 13:43:17;HPD;UNSANITARY CONDITION;80 WOODRUFF AVENUE;Closed;BROOKLYN;40.653488517173436;-73.9632146069062
61811736;2024-07-15 19:09:04;HPD;PAINT/PLASTER;109 ELDRIDGE STREET;Closed;MANHATTAN;40.71812524637479;-73.99199510664727
61811727;2024-07-15 17:13:46;HPD;UNSANITARY CONDITION;737 EAST  219 STREET;Closed;BRONX;40.8832119473051;-73.8616368427983
61811739;2024-07-15 21:46:00;HPD;UNSANITARY CONDITION;751 GERARD AVENUE;Closed;BRONX;40.82493553386665;-73.92645644504721
61811740;2024-07-15 12:55:36;HPD;UNSANITARY CONDITION;4360 BAYCHESTER AVENUE;Closed;BRONX;40.89817219352304;-73.84565742389341
61811748;2024-07-15 13:43:17;HPD;UNSANITARY CONDITION;80 WOODRUFF AVENUE;Closed;BROOKLYN;40.653488517173436;-73.9632146069062
61811747;2024-07-15 23:30:55;HPD;UNSANITARY CONDITION;1784 LINDEN BOULEVARD;Closed;BROOKLYN;40.65774615749246;-73.89649548777841
61811744;2024-07-15 12:32:44;HPD;PAINT/PLASTER;996 PARK PLACE;Closed;BROOKLYN;40.67308127397223;-73.94407929191749
61811755;2024-07-15 19:05:57;HPD;PLUMBING;109 ELDRIDGE STREET;Closed;MANHATTAN;40.71812524637479;-73.99199510664727
61811753;2024-07-15 15:38:03;HPD;UNSANITARY CONDITION;603 WEST  140 STREET;Closed;MANHATTAN;40.82345086862661;-73.95318812162448
61811756;2024-07-15 13:38:51;HPD;PLUMBING;2260 WASHINGTON AVENUE;Closed;BRONX;40.85481891380235;-73.89349213141107
61811754;2024-07-15 07:30:58;HPD;WATER LEAK;1484 PARK PLACE;Closed;BROOKLYN;40.67221889751427;-73.92830114551003
61811758;2024-07-15 09:43:26;HPD;WATER LEAK;2411 FREDERICK DOUGLAS BOULEVARD;Closed;MANHATTAN;40.81282713425973;-73.94923983376826
61811757;2024-07-15 10:13:14;HPD;WATER LEAK;2067 RYER AVENUE;Closed;BRONX;40.852231942489105;-73.90110162071166
61811770;2024-07-15 22:15:17;HPD;PLUMBING;23-01 42 ROAD;Closed;QUEENS;40.75043042472849;-73.9420545760926
61811774;2024-07-15 21:19:36;HPD;PLUMBING;23-01 42 ROAD;Closed;QUEENS;40.75043042472849;-73.9420545760926
61811771;2024-07-15 14:45:52;HPD;UNSANITARY CONDITION;315 EAST  102 STREET;Closed;MANHATTAN;40.787833852003956;-73.9437662377238
61811769;2024-07-15 10:26:56;HPD;WATER LEAK;326 THROOP AVENUE;Closed;BROOKLYN;40.69324658689844;-73.94299497716253
61811779;2024-07-15 11:13:44;HPD;UNSANITARY CONDITION;440 JACKSON AVENUE;Closed;BRONX;40.810308314568466;-73.91011190899562
61811784;2024-07-15 20:01:53;HPD;UNSANITARY CONDITION;2961 WEST   30 STREET;Closed;BROOKLYN;40.57367299637156;-73.99611599792371
61811780;2024-07-15 19:10:05;HPD;UNSANITARY CONDITION;709 FAIRMOUNT PLACE;Closed;BRONX;40.84417324510356;-73.89166951222118
61811792;2024-07-15 14:57:41;HPD;UNSANITARY CONDITION;1599 BERGEN STREET;Closed;BROOKLYN;40.67501409061753;-73.92994206705205
61811785;2024-07-15 10:26:56;HPD;UNSANITARY CONDITION;326 THROOP AVENUE;Closed;BROOKLYN;40.69324658689844;-73.94299497716253
61811787;2024-07-15 09:24:33;HPD;UNSANITARY CONDITION;388 7 AVENUE;Closed;BROOKLYN;40.66522707526787;-73.98298281584651
61811798;2024-07-15 10:59:15;HPD;GENERAL;561 WEST  186 STREET;Closed;MANHATTAN;40.85204765529435;-73.93068096637785
61811795;2024-07-15 19:10:05;HPD;UNSANITARY CONDITION;709 FAIRMOUNT PLACE;Closed;BRONX;40.84417324510356;-73.89166951222118
61811802;2024-07-15 09:56:58;HPD;UNSANITARY CONDITION;505 EAST  178 STREET;Closed;BRONX;40.8479899040378;-73.89630428649004
61811813;2024-07-15 18:32:18;HPD;UNSANITARY CONDITION;643 PORT RICHMOND AVENUE;Closed;STATEN ISLAND;40.62739681846531;-74.14224230826122
61811816;2024-07-15 18:32:18;HPD;WATER LEAK;643 PORT RICHMOND AVENUE;Closed;STATEN ISLAND;40.62739681846531;-74.14224230826122
61811811;2024-07-15 14:14:54;HPD;WATER LEAK;2788 BRAGG STREET;Closed;BROOKLYN;40.585678672720164;-73.93328323598129
61811815;2024-07-15 14:01:49;HPD;WATER LEAK;2053 MC GRAW AVENUE;Closed;BRONX;40.835570737544415;-73.85600804024854
61811825;2024-07-15 11:58:00;HPD;WATER LEAK;1566 EASTERN PARKWAY EXTENSION;Closed;BROOKLYN;40.6709728992122;-73.9163018265456
61811820;2024-07-15 13:32:24;HPD;UNSANITARY CONDITION;1019 VAN SICLEN AVENUE;Closed;BROOKLYN;40.65503989714099;-73.88232145462146
61811827;2024-07-15 11:57:55;HPD;WATER LEAK;115 HAMILTON PLACE;Closed;MANHATTAN;40.823723777310185;-73.94948444266237
61811826;2024-07-15 20:42:15;HPD;WATER LEAK;2936 BAINBRIDGE AVENUE;Closed;BRONX;40.8703569920698;-73.88524877065406
61811839;2024-07-15 13:40:12;HPD;GENERAL;3435 OLINVILLE AVENUE;Closed;BRONX;40.876437389391874;-73.86810916351783
