SR_NUMBER;SR_SHORT_CODE;OWNER_DEPARTMENT;STATUS;CREATED_DATE;STREET_NUMBER;STREET_DIRECTION;STREET_NAME;STREET_TYPE;COMMUNITY_AREA;LATITUDE;LONGITUDE
SR20-05579683;SCQ;Streets and Sanitation;Completed;2020-12-06 08:28:04;5459;N;LONG;AVE;JEFFERSON PARK;41.981005702;-87.763222043
SR20-05579725;SGA;Streets and Sanitation;Completed;2020-12-06 08:44:32;2023;N;LECLAIRE;AVE;BELMONT CRAGIN;41.917568773;-87.753365161
SR20-05579745;SFD;CDOT - Department of Transportation;Completed;2020-12-06 08:54:38;3734;N;KEELER;AVE;IRVING PARK;41.949203997;-87.732386165
SR20-05579752;GRAF;Streets and Sanitation;Completed;2020-12-06 08:55:51;1558;N;MILWAUKEE;AVE;WEST TOWN;41.90964733;-87.676780334
SR20-05579756;GRAF;Streets and Sanitation;Completed;2020-12-06 08:56:49;1534;N;MILWAUKEE;AVE;WEST TOWN;41.909236739;-87.676164744
SR20-05579759;SGA;Streets and Sanitation;Completed;2020-12-06 08:57:50;6165;N;KILDARE;AVE;FOREST GLEN;41.993549287;-87.735861959
SR20-05579763;GRAF;Streets and Sanitation;Completed;2020-12-06 08:58:29;1529;N;MILWAUKEE;AVE;WEST TOWN;41.909398815;-87.67555867
SR20-05579789;GRAF;Streets and Sanitation;Completed;2020-12-06 09:03:49;1528;N;MILWAUKEE;AVE;WEST TOWN;41.909167282;-87.675982292
SR20-05579863;SKA;Streets and Sanitation;Completed;2020-12-06 09:21:09;4755;N;MAGNOLIA;AVE;UPTOWN;41.969009;-87.661291186
SR20-05579885;SFB;CDOT - Department of Transportation;Completed;2020-12-06 09:26:44;6158;N;CLARK;ST;EDGEWATER;41.994447604;-87.670155576
SR20-05579904;GRAF;Streets and Sanitation;Completed;2020-12-06 09:33:43;5334;N;MAGNOLIA;AVE;EDGEWATER;41.979203972;-87.661541732
SR20-05579910;SIE;Streets and Sanitation;Completed;2020-12-06 09:34:33;30;N;MAYFIELD;AVE;AUSTIN;41.881094275;-87.772164452
SR20-05579945;SGQ;Streets and Sanitation;Completed;2020-12-06 09:44:56;3207;N;PONTIAC;AVE;OHARE;41.937566947;-87.836065868
SR20-05579989;AAD;DWM - Department of Water Management;Canceled;2020-12-06 09:53:55;2503;N;DAMEN;AVE;LOGAN SQUARE;41.927340269;-87.678077828
SR20-05580007;SCQ;Streets and Sanitation;Completed;2020-12-06 09:59:21;6312;N;HERMITAGE;AVE;EDGEWATER;41.996015847;-87.673757466
SR20-05580022;PHB;CDOT - Department of Transportation;Completed;2020-12-06 10:04:48;4710;N;MAGNOLIA;AVE;UPTOWN;41.967572979;-87.661553087
SR20-05580032;SGA;Streets and Sanitation;Completed;2020-12-06 10:09:21;1651;N;LONG;AVE;AUSTIN;41.910992506;-87.76033989
SR20-05580048;SEL;Streets and Sanitation;Completed;2020-12-06 10:14:17;1617;N;KARLOV;AVE;HUMBOLDT PARK;41.910494854;-87.728507004
SR20-05580072;PHF;CDOT - Department of Transportation;Completed;2020-12-06 10:22:28;5838;N;OTTAWA;AVE;NORWOOD PARK;41.986300811;-87.818311694
SR20-05580078;SFB;CDOT - Department of Transportation;Completed;2020-12-06 10:25:14;105;N;MENARD;AVE;AUSTIN;41.882180883;-87.769832026
SR20-05580079;PCE;CDOT - Department of Transportation;Completed;2020-12-06 10:25:19;139;N;WESTERN;AVE;NEAR WEST SIDE;41.884186728;-87.686485833
SR20-05580115;SIE;Streets and Sanitation;Completed;2020-12-06 10:35:19;3857;N;KILDARE;AVE;IRVING PARK;41.951610542;-87.735052046
SR20-05580117;PHF;CDOT - Department of Transportation;Completed;2020-12-06 10:35:27;4459;N;LARAMIE;AVE;PORTAGE PARK;41.96247786;-87.757455825
SR20-05580129;SFD;CDOT - Department of Transportation;Completed;2020-12-06 10:38:58;3333;N;NOTTINGHAM;AVE;DUNNING;41.940813836;-87.804110499
SR20-05580137;SKA;Streets and Sanitation;Completed;2020-12-06 10:41:26;450;N;SPRINGFIELD;AVE;HUMBOLDT PARK;41.889602395;-87.723519378
SR20-05580151;RBL;BACP - Business Affairs and Consumer Protection;Completed;2020-12-06 10:47:39;4900;N;MARINE;DR;UPTOWN;41.972301616;-87.651283935
SR20-05580182;CIAC;Animal Care and Control;Completed;2020-12-06 10:57:57;5331;N;LINCOLN;AVE;LINCOLN SQUARE;41.978604229;-87.692626139
SR20-05580207;PCE;CDOT - Department of Transportation;Completed;2020-12-06 11:04:36;2817;N;WESTERN;AVE;LOGAN SQUARE;41.932738991;-87.687590986
SR20-05580208;SKA;Streets and Sanitation;Completed;2020-12-06 11:06:11;1431;N;LOTUS;AVE;AUSTIN;41.906758098;-87.761790102
SR20-05580210;PCE;CDOT - Department of Transportation;Completed;2020-12-06 11:06:51;2817;N;WESTERN;AVE;LOGAN SQUARE;41.932738991;-87.687590986
SR20-05580227;SGA;Streets and Sanitation;Completed;2020-12-06 11:12:59;4001;N;MCVICKER;AVE;PORTAGE PARK;41.953290519;-87.77780969
SR20-05580230;RBL;BACP - Business Affairs and Consumer Protection;Completed;2020-12-06 11:15:34;4060;N;LINCOLN;AVE;NORTH CENTER;41.955698485;-87.680099271
SR20-05580232;SGA;Streets and Sanitation;Completed;2020-12-06 11:16:41;1222;N;MAYFIELD;AVE;AUSTIN;41.902748932;-87.77325198
SR20-05580242;CHECKFOR;DWM - Department of Water Management;Completed;2020-12-06 11:19:38;1742;N;CENTRAL PARK;AVE;HUMBOLDT PARK;41.913094338;-87.716908075
SR20-05580261;PCE;CDOT - Department of Transportation;Completed;2020-12-06 11:24:52;1273;N;MILWAUKEE;AVE;WEST TOWN;41.905131648;-87.668658509
SR20-05580271;GRAF;Streets and Sanitation;Completed;2020-12-06 11:27:34;2301;N;NEWLAND;AVE;MONTCLARE;41.921161579;-87.798816084
SR20-05580284;GRAF;Streets and Sanitation;Completed;2020-12-06 11:31:18;2301;N;NEWLAND;AVE;MONTCLARE;41.921161579;-87.798816084
SR20-05580290;GRAF;Streets and Sanitation;Completed;2020-12-06 11:33:08;2301;N;NEWLAND;AVE;MONTCLARE;41.921161579;-87.798816084
SR20-05580299;RBL;BACP - Business Affairs and Consumer Protection;Completed;2020-12-06 11:35:28;4016;N;LINCOLN;AVE;NORTH CENTER;41.954631272;-87.679396264
SR20-05580303;GRAF;Streets and Sanitation;Completed;2020-12-06 11:35:38;2301;N;NEWLAND;AVE;MONTCLARE;41.921161579;-87.798816084
SR20-05580322;HFB;Health;Completed;2020-12-06 11:41:15;6724;N;NORTHWEST;HWY;EDISON PARK;42.003126233;-87.817170518
SR20-05580360;PCL3;Outside Agencies;Completed;2020-12-06 11:52:05;4543;N;MALDEN;ST;UPTOWN;41.96480102;-87.66202677
SR20-05580372;SGA;Streets and Sanitation;Completed;2020-12-06 11:56:06;2618;N;MAJOR;AVE;BELMONT CRAGIN;41.928216734;-87.768862158
SR20-05580379;SGA;Streets and Sanitation;Completed;2020-12-06 11:57:49;852;N;CHRISTIANA;AVE;HUMBOLDT PARK;41.897090419;-87.710187434
SR20-05580382;PCE;CDOT - Department of Transportation;Completed;2020-12-06 11:59:13;1268;N;MILWAUKEE;AVE;WEST TOWN;41.904702288;-87.669021584
SR20-05580383;SGA;Streets and Sanitation;Completed;2020-12-06 11:59:24;2834;N;LINCOLN;AVE;LAKE VIEW;41.933246385;-87.659991536
SR20-05580454;SGA;Streets and Sanitation;Completed;2020-12-06 12:17:52;2549;N;MONITOR;AVE;BELMONT CRAGIN;41.927140166;-87.771920332
SR20-05580455;SKA;Streets and Sanitation;Completed;2020-12-06 12:18:00;4516;N;CHRISTIANA;AVE;ALBANY PARK;41.96358126;-87.712273921
SR20-05580458;RBL;BACP - Business Affairs and Consumer Protection;Completed;2020-12-06 12:19:00;1954;N;HALSTED;ST;LINCOLN PARK;41.91757862;-87.648758853
SR20-05580466;SGA;Streets and Sanitation;Completed;2020-12-06 12:19:40;728;N;ALBANY;AVE;HUMBOLDT PARK;41.894653523;-87.70410981
SR20-05580476;PCB;CDOT - Department of Transportation;Completed;2020-12-06 12:21:33;1100;N;CLEVELAND;AVE;NEAR NORTH SIDE;41.901614667;-87.64118926
SR20-05580477;SCQ;Streets and Sanitation;Completed;2020-12-06 12:21:53;4532;N;ALBANY;AVE;ALBANY PARK;41.964043488;-87.706189713
SR20-05580499;SCQ;Streets and Sanitation;Completed;2020-12-06 12:27:28;3253;N;CLIFTON;AVE;LAKE VIEW;41.941438615;-87.657572523
SR20-05580505;GRAF;Streets and Sanitation;Completed;2020-12-06 12:29:12;4310;N;KEDZIE;AVE;IRVING PARK;41.959897917;-87.708560003
SR20-05580545;SCB;Streets and Sanitation;Completed;2020-12-06 12:39:42;5057;N;WINTHROP;AVE;UPTOWN;41.974954899;-87.657488181
SR20-05580556;SCQ;Streets and Sanitation;Completed;2020-12-06 12:42:03;1630;N;SAYRE;AVE;AUSTIN;41.909960881;-87.800689266
SR20-05580574;SCB;Streets and Sanitation;Completed;2020-12-06 12:45:43;1348;N;CICERO;AVE;AUSTIN;41.905620076;-87.746325875
SR20-05580599;SGA;Streets and Sanitation;Completed;2020-12-06 12:51:31;2957;N;ALLEN;AVE;AVONDALE;41.93507801;-87.713780424
SR20-05580636;SGA;Streets and Sanitation;Completed;2020-12-06 13:00:04;2714;N;GREENVIEW;AVE;LINCOLN PARK;41.931120335;-87.666223464
SR20-05580637;SGA;Streets and Sanitation;Completed;2020-12-06 13:00:45;6934;N;SHERIDAN;RD;ROGERS PARK;42.007835224;-87.661685741
SR20-05580689;CHECKFOR;DWM - Department of Water Management;Completed;2020-12-06 13:08:24;5227;N;CHRISTIANA;AVE;NORTH PARK;41.976563387;-87.712105723
SR20-05580745;SIE;Streets and Sanitation;Completed;2020-12-06 13:18:30;2517;N;KIMBALL;AVE;LOGAN SQUARE;41.927041126;-87.711893371
SR20-05580746;SGA;Streets and Sanitation;Completed;2020-12-06 13:18:46;2517;N;KIMBALL;AVE;LOGAN SQUARE;41.927041126;-87.711893371
SR20-05580803;SRRP;Streets and Sanitation;Completed;2020-12-06 13:39:54;2322;N;CENTRAL PARK;AVE;LOGAN SQUARE;41.923485421;-87.717186489
SR20-05580823;SDR;Streets and Sanitation;Completed;2020-12-06 13:46:40;2359;N;SAYRE;AVE;MONTCLARE;41.922857263;-87.800311473
SR20-05580839;WM3;DWM - Department of Water Management;Completed;2020-12-06 13:50:05;1125;N;KEYSTONE;AVE;HUMBOLDT PARK;41.901607342;-87.727237933
SR20-05580842;GRAF;Streets and Sanitation;Completed;2020-12-06 13:50:40;1646;N;DAMEN;AVE;WEST TOWN;41.911873205;-87.677749614
SR20-05580851;WM3;DWM - Department of Water Management;Completed;2020-12-06 13:53:21;6623;N;GREENVIEW;AVE;ROGERS PARK;42.002506326;-87.66777324
SR20-05580852;SCQ;Streets and Sanitation;Completed;2020-12-06 13:53:43;3020;N;FRANCISCO;AVE;AVONDALE;41.936389163;-87.700464914
SR20-05580875;BBD;DOB - Buildings;Completed;2020-12-06 14:01:48;4923;N;KEELER;AVE;ALBANY PARK;41.97074665;-87.732765976
SR20-05580878;GRAF;Streets and Sanitation;Completed;2020-12-06 14:02:13;815;N;LEAVITT;ST;WEST TOWN;41.896369672;-87.681701574
SR20-05580893;SRRC;Streets and Sanitation;Completed;2020-12-06 14:06:15;3059;N;LINCOLN;AVE;LAKE VIEW;41.937549344;-87.665310113
SR20-05580917;SFD;CDOT - Department of Transportation;Completed;2020-12-06 14:15:19;4347;N;SAWYER;AVE;IRVING PARK;41.960903549;-87.709168675
SR20-05580926;SKA;Streets and Sanitation;Completed;2020-12-06 14:18:35;459;N;HARDING;AVE;HUMBOLDT PARK;41.889790722;-87.724670226
SR20-05580929;SRRP;Streets and Sanitation;Completed;2020-12-06 14:19:04;3125;N;MONTICELLO;AVE;AVONDALE;41.938155985;-87.718297587
SR20-05580932;SCQ;Streets and Sanitation;Completed;2020-12-06 14:19:42;5651;N;GLENWOOD;AVE;EDGEWATER;41.985088028;-87.664782309
SR20-05580935;SKA;Streets and Sanitation;Completed;2020-12-06 14:20:22;455;N;HARDING;AVE;HUMBOLDT PARK;41.88988039;-87.724707956
SR20-05580937;PCE;CDOT - Department of Transportation;Completed;2020-12-06 14:20:46;6030;N;RIDGE;AVE;EDGEWATER;41.991208557;-87.673047028
SR20-05580943;SKA;Streets and Sanitation;Completed;2020-12-06 14:22:12;459;N;HARDING;AVE;HUMBOLDT PARK;41.889790722;-87.724670226
SR20-05580949;SCQ;Streets and Sanitation;Completed;2020-12-06 14:26:04;7124;N;ASHLAND;BLVD;ROGERS PARK;42.012260136;-87.670473209
SR20-05580970;WCA2;DWM - Department of Water Management;Open;2020-12-06 14:34:30;3839;N;KILDARE;AVE;IRVING PARK;41.951123898;-87.735044552
SR20-05580976;SFA;CDOT - Department of Transportation;Completed;2020-12-06 14:36:52;7162;N;OZARK;AVE;EDISON PARK;42.011095848;-87.820297364
SR20-05581007;SGA;Streets and Sanitation;Completed;2020-12-06 14:49:11;2918;N;AVERS;AVE;AVONDALE;41.9342903;-87.723647006
SR20-05581018;SDR;Streets and Sanitation;Completed;2020-12-06 14:51:42;1763;N;KOSTNER;AVE;HUMBOLDT PARK;41.91338865;-87.736191636
SR20-05581107;GRAF;Streets and Sanitation;Completed;2020-12-06 15:14:54;1916;N;KIMBALL;AVE;LOGAN SQUARE;41.916082485;-87.712141328
SR20-05581115;SGA;Streets and Sanitation;Completed;2020-12-06 15:15:49;4107;N;BROADWAY;ST;UPTOWN;41.957313711;-87.651789868
SR20-05581117;GRAF;Streets and Sanitation;Completed;2020-12-06 15:16:12;1900;N;KIMBALL;AVE;LOGAN SQUARE;41.915622314;-87.711905322
SR20-05581118;SGG;Streets and Sanitation;Completed;2020-12-06 15:16:14;5000;N;KILDARE;AVE;ALBANY PARK;41.971935243;-87.735856227
SR20-05581133;SGG;Streets and Sanitation;Completed;2020-12-06 15:19:13;5058;N;KILDARE;AVE;ALBANY PARK;41.9736354;-87.735588319
SR20-05581139;SKA;Streets and Sanitation;Completed;2020-12-06 15:20:52;2207;N;DRAKE;AVE;LOGAN SQUARE;41.921260103;-87.715104868
SR20-05581145;GRAF;Streets and Sanitation;Completed;2020-12-06 15:25:25;3150;N;SPRINGFIELD;AVE;AVONDALE;41.938446413;-87.725047046
SR20-05581160;SKA;Streets and Sanitation;Completed;2020-12-06 15:29:00;2011;N;DRAKE;AVE;LOGAN SQUARE;41.917663115;-87.715132504
SR20-05581173;SKA;Streets and Sanitation;Completed;2020-12-06 15:31:32;7421;N;CLAREMONT;AVE;WEST RIDGE;42.016301587;-87.688557062
SR20-05581189;SCQ;Streets and Sanitation;Completed;2020-12-06 15:35:31;2650;N;MILDRED;AVE;LINCOLN PARK;41.930557292;-87.651653314
SR20-05581234;SFA;CDOT - Department of Transportation;Completed;2020-12-06 15:42:46;3935;N;KIMBALL;AVE;IRVING PARK;41.95313834;-87.712582224
SR20-05581235;SGA;Streets and Sanitation;Completed;2020-12-06 15:42:51;1224;N;MAYFIELD;AVE;AUSTIN;41.902837476;-87.773244342
SR20-05581258;SCQ;Streets and Sanitation;Completed;2020-12-06 15:47:07;2030;N;HOYNE;AVE;LOGAN SQUARE;41.918688008;-87.680457627
SR20-05581259;SGA;Streets and Sanitation;Completed;2020-12-06 15:47:19;3409;N;NEW ENGLAND;AVE;DUNNING;41.942151558;-87.797989181
SR20-05581262;SKA;Streets and Sanitation;Completed;2020-12-06 15:47:49;3928;N;CHRISTIANA;AVE;IRVING PARK;41.952978098;-87.711971047
SR20-05581297;SGQ;Streets and Sanitation;Completed;2020-12-06 15:56:16;2323;N;MELVINA;AVE;BELMONT CRAGIN;41.922508667;-87.780269695
SR20-05581418;SGA;Streets and Sanitation;Completed;2020-12-06 16:28:45;1030;N;CALIFORNIA;AVE;WEST TOWN;41.900248466;-87.697186645
SR20-05581466;SFD;CDOT - Department of Transportation;Completed;2020-12-06 16:39:45;3946;N;LONG;AVE;PORTAGE PARK;41.95285748;-87.762104565
SR20-05581481;SCQ;Streets and Sanitation;Completed;2020-12-06 16:42:39;1750;N;CAMPBELL;AVE;WEST TOWN;41.913604896;-87.690092765
SR20-05581490;SIE;Streets and Sanitation;Completed;2020-12-06 16:44:25;2247;N;NAGLE;AVE;BELMONT CRAGIN;41.921413281;-87.786086215
SR20-05581498;SGA;Streets and Sanitation;Completed;2020-12-06 16:46:07;3675;N;ELSTON;AVE;IRVING PARK;41.948263829;-87.710844246
SR20-05581525;SFD;CDOT - Department of Transportation;Completed;2020-12-06 16:49:24;3935;N;ELSTON;AVE;IRVING PARK;41.952748544;-87.717445431
SR20-05581531;SEF;Streets and Sanitation;Completed;2020-12-06 16:51:58;4912;N;OAK PARK;AVE;NORWOOD PARK;41.970630121;-87.796748349
SR20-05581548;CAFE;BACP - Business Affairs and Consumer Protection;Completed;2020-12-06 16:57:00;2500;N;HALSTED;ST;LINCOLN PARK;41.927436712;-87.648997177
SR20-05581563;SRRC;Streets and Sanitation;Canceled;2020-12-06 17:01:46;6730;N;OLYMPIA;AVE;EDISON PARK;42.003556494;-87.812483834
SR20-05581611;RBL;BACP - Business Affairs and Consumer Protection;Completed;2020-12-06 17:13:20;5358;N;CLARK;ST;EDGEWATER;41.979735907;-87.668591086
SR20-05581613;SFD;CDOT - Department of Transportation;Completed;2020-12-06 17:13:34;7162;N;OZARK;AVE;EDISON PARK;42.011095848;-87.820297364
SR20-05581623;SGA;Streets and Sanitation;Completed;2020-12-06 17:16:06;1749;N;TALMAN;AVE;WEST TOWN;41.913525793;-87.693126474
SR20-05581643;SRRC;Streets and Sanitation;Canceled;2020-12-06 17:20:58;4131;N;SACRAMENTO;AVE;IRVING PARK;41.956720414;-87.702955454
SR20-05581660;SFD;CDOT - Department of Transportation;Completed;2020-12-06 17:26:37;4801;N;SACRAMENTO;AVE;ALBANY PARK;41.968502188;-87.703610896
SR20-05581686;RBL;BACP - Business Affairs and Consumer Protection;Completed;2020-12-06 17:34:06;2200;N;MILWAUKEE;AVE;LOGAN SQUARE;41.920684643;-87.694147631
SR20-05581700;BBC;DOB - Buildings;Completed;2020-12-06 17:37:15;1532;N;SEDGWICK;ST;NEAR NORTH SIDE;41.910212265;-87.638912852
SR20-05581701;HFB;Health;Completed;2020-12-06 17:37:29;2200;N;HALSTED;ST;LINCOLN PARK;41.921937601;-87.648993102
SR20-05581711;SFD;CDOT - Department of Transportation;Completed;2020-12-06 17:42:18;3935;N;ELSTON;AVE;IRVING PARK;41.952764548;-87.717789077
SR20-05581719;SIE;Streets and Sanitation;Completed;2020-12-06 17:43:51;1642;N;SPAULDING;AVE;HUMBOLDT PARK;41.911431877;-87.710401843
SR20-05581723;SCB;Streets and Sanitation;Completed;2020-12-06 17:44:33;3866;N;MILWAUKEE;CT;PORTAGE PARK;41.951038267;-87.744053107
SR20-05581736;SRRC;Streets and Sanitation;Completed;2020-12-06 17:47:36;1642;N;SPAULDING;AVE;HUMBOLDT PARK;41.911431877;-87.710401843
SR20-05581738;SCB;Streets and Sanitation;Completed;2020-12-06 17:47:41;4958;N;TROY;ST;ALBANY PARK;41.97196908;-87.70772864
SR20-05581743;SFD;CDOT - Department of Transportation;Completed;2020-12-06 17:49:11;3918;N;CENTRAL PARK;AVE;IRVING PARK;41.952519342;-87.717818141
SR20-05581749;SGA;Streets and Sanitation;Completed;2020-12-06 17:50:19;868;N;FRANKLIN;ST;NEAR NORTH SIDE;41.898543064;-87.636070121
SR20-05581753;SFD;CDOT - Department of Transportation;Completed;2020-12-06 17:51:39;3935;N;ELSTON;AVE;IRVING PARK;41.952748544;-87.717445431
SR20-05581758;SFD;CDOT - Department of Transportation;Completed;2020-12-06 17:53:16;2917;N;LUNA;AVE;BELMONT CRAGIN;41.933699906;-87.764818485
SR20-05581763;SFD;CDOT - Department of Transportation;Completed;2020-12-06 17:54:32;3863;N;DRAKE;AVE;IRVING PARK;41.951908383;-87.716541075
SR20-05581766;SIE;Streets and Sanitation;Completed;2020-12-06 17:55:35;870;N;FRANKLIN;ST;NEAR NORTH SIDE;41.898640971;-87.636009236
SR20-05581771;SIE;Streets and Sanitation;Completed;2020-12-06 17:57:19;4135;N;RICHMOND;ST;IRVING PARK;41.956829544;-87.701732473
SR20-05581778;SFD;CDOT - Department of Transportation;Completed;2020-12-06 17:58:51;1000;N;CICERO;AVE;AUSTIN;41.898791077;-87.746089305
SR20-05581789;SKA;Streets and Sanitation;Completed;2020-12-06 18:02:25;4936;N;RIDGEWAY;AVE;ALBANY PARK;41.971271842;-87.72230228
SR20-05581795;GRAF;Streets and Sanitation;Completed;2020-12-06 18:04:16;4049;N;SPAULDING;AVE;IRVING PARK;41.955348901;-87.710313885
SR20-05581820;SCQ;Streets and Sanitation;Completed;2020-12-06 18:10:40;3135;N;SAINT LOUIS;AVE;AVONDALE;41.938461008;-87.714682165
SR20-05581822;RBL;BACP - Business Affairs and Consumer Protection;Completed;2020-12-06 18:11:08;2756;N;ASHLAND;AVE;LINCOLN PARK;41.932214653;-87.668772711
SR20-05581853;SGA;Streets and Sanitation;Completed;2020-12-06 18:22:19;2243;N;LAWLER;AVE;BELMONT CRAGIN;41.921805127;-87.752139574
SR20-05581855;SCQ;Streets and Sanitation;Completed;2020-12-06 18:22:45;1739;N;MOHAWK;ST;LINCOLN PARK;41.914017901;-87.642048544
SR20-05581897;SRRC;Streets and Sanitation;Completed;2020-12-06 18:37:16;3719;N;PONTIAC;AVE;DUNNING;41.94724303;-87.835023137
SR20-05581898;AAE;DWM - Department of Water Management;Completed;2020-12-06 18:38:11;2749;N;ASHLAND;AVE;LINCOLN PARK;41.932034485;-87.668131366
SR20-05581984;SFA;CDOT - Department of Transportation;Completed;2020-12-06 19:04:19;7162;N;OZARK;AVE;EDISON PARK;42.011095848;-87.820297364
SR20-05581985;PBS;CDOT - Department of Transportation;Completed;2020-12-06 19:04:20;4839;N;NASHVILLE;AVE;NORWOOD PARK;41.970213679;-87.790438062
SR20-05581988;GRAF;Streets and Sanitation;Completed;2020-12-06 19:05:08;3311;N;KENMORE;AVE;LAKE VIEW;41.94213191;-87.65512081
SR20-05581992;SCB;Streets and Sanitation;Completed;2020-12-06 19:06:48;3131;N;CLYBOURN;AVE;NORTH CENTER;41.938611394;-87.686377849
SR20-05581995;SCQ;Streets and Sanitation;Completed;2020-12-06 19:07:24;2645;N;AVERS;AVE;LOGAN SQUARE;41.929604219;-87.722986345
SR20-05581998;SFD;CDOT - Department of Transportation;Completed;2020-12-06 19:09:00;200;N;ADA;ST;NEAR WEST SIDE;41.885542281;-87.6608113
SR20-05579664;SFD;CDOT - Department of Transportation;Completed;2020-12-06 08:20:15;11000;S;WENTWORTH;AVE;ROSELAND;41.694265245;-87.62798523
SR20-05579667;SFD;CDOT - Department of Transportation;Completed;2020-12-06 08:20:29;10900;S;WENTWORTH;AVE;ROSELAND;41.696002919;-87.628291743
SR20-05579668;SFD;CDOT - Department of Transportation;Completed;2020-12-06 08:20:41;10800;S;WENTWORTH;AVE;ROSELAND;41.697864601;-87.628307433
SR20-05579669;WCA2;DWM - Department of Water Management;Completed;2020-12-06 08:21:14;7037;S;CAMPBELL;AVE;CHICAGO LAWN;41.765352313;-87.685437138
SR20-05579670;PCD;CDOT - Department of Transportation;Completed;2020-12-06 08:21:37;7858;S;CARPENTER;ST;AUBURN GRESHAM;41.75064814;-87.650146409
SR20-05579676;PCC;CDOT - Department of Transportation;Completed;2020-12-06 08:25:09;7858;S;CARPENTER;ST;AUBURN GRESHAM;41.75064814;-87.650146409
SR20-05579698;EAB;Animal Care and Control;Completed;2020-12-06 08:35:20;7701;S;MERRILL;AVE;SOUTH SHORE;41.755135875;-87.572078048
SR20-05579705;EAB;Animal Care and Control;Completed;2020-12-06 08:36:49;7714;S;MERRILL;AVE;SOUTH SHORE;41.754888015;-87.572684459
SR20-05579712;SIE;Streets and Sanitation;Completed;2020-12-06 08:38:13;6944;S;PRAIRIE;AVE;GREATER GRAND CROSSING;41.767957898;-87.61857698
SR20-05579717;EAE;Animal Care and Control;Completed;2020-12-06 08:41:41;13749;S;LEYDEN;AVE;RIVERDALE;41.646001245;-87.61564536
SR20-05579721;WM3;DWM - Department of Water Management;Canceled;2020-12-06 08:43:23;4755;S;DORCHESTER;AVE;KENWOOD;41.807883983;-87.591954486
SR20-05579732;EAE;Animal Care and Control;Completed;2020-12-06 08:45:29;6638;S;CHAMPLAIN;AVE;WOODLAWN;41.77373411;-87.609686946
SR20-05579744;EAE;Animal Care and Control;Completed;2020-12-06 08:54:36;3100;S;CALIFORNIA;AVE;SOUTH LAWNDALE;41.837328821;-87.695068659
SR20-05579748;BBC;DOB - Buildings;Completed;2020-12-06 08:55:16;5908;S;CAMPBELL;AVE;CHICAGO LAWN;41.786240866;-87.68652032
SR20-05579773;EAE;Animal Care and Control;Completed;2020-12-06 09:00:16;8900;S;YATES;BLVD;CALUMET HEIGHTS;41.733464999;-87.566026789
SR20-05579777;SRRC;Streets and Sanitation;Completed;2020-12-06 09:01:13;8026;S;CONSTANCE;AVE;SOUTH CHICAGO;41.748924189;-87.580275628
SR20-05579841;BBA;DOB - Buildings;Completed;2020-12-06 09:15:08;11320;S;FOREST;AVE;ROSELAND;41.688425505;-87.615972892
SR20-05579848;PCB;CDOT - Department of Transportation;Completed;2020-12-06 09:16:38;11058;S;WHIPPLE;ST;MOUNT GREENWOOD;41.691697982;-87.697161735
SR20-05579852;SGQ;Streets and Sanitation;Completed;2020-12-06 09:17:45;8054;S;PRAIRIE;AVE;CHATHAM;41.747682861;-87.618414881
SR20-05579922;AAF;DWM - Department of Water Management;Completed;2020-12-06 09:37:48;6611;S;KOLIN;AVE;WEST LAWN;41.772730595;-87.730875083
SR20-05579924;SDP;Streets and Sanitation;Completed;2020-12-06 09:37:50;9700;S;MERRION;AVE;SOUTH DEERING;41.718765063;-87.569786618
SR20-05579946;BBC;DOB - Buildings;Canceled;2020-12-06 09:45:28;7650;S;BISHOP;ST;AUBURN GRESHAM;41.754336117;-87.660644526
SR20-05579949;BBD;DOB - Buildings;Completed;2020-12-06 09:47:09;1629;S;KEDVALE;AVE;NORTH LAWNDALE;41.857923065;-87.728334837
SR20-05579952;GRAF;Streets and Sanitation;Completed;2020-12-06 09:47:53;5301;S;ALBANY;AVE;GAGE PARK;41.797126835;-87.701190022
SR20-05579954;SGA;Streets and Sanitation;Completed;2020-12-06 09:48:38;3226;S;KEDVALE;AVE;SOUTH LAWNDALE;41.834163225;-87.728206891
SR20-05579976;GRAF;Streets and Sanitation;Completed;2020-12-06 09:49:41;5108;S;KEDZIE;AVE;GAGE PARK;41.800510745;-87.703799294
SR20-05579980;WM3;DWM - Department of Water Management;Canceled;2020-12-06 09:51:24;4755;S;DORCHESTER;AVE;KENWOOD;41.807883983;-87.591954486
SR20-05579985;GRAF;Streets and Sanitation;Completed;2020-12-06 09:52:43;5361;S;ARTESIAN;AVE;GAGE PARK;41.795737313;-87.685038858
SR20-05579986;WBK;DWM - Department of Water Management;Canceled;2020-12-06 09:52:53;4802;S;DORCHESTER;AVE;KENWOOD;41.80773688;-87.591987142
SR20-05579990;GRAF;Streets and Sanitation;Completed;2020-12-06 09:53:57;5361;S;ARTESIAN;AVE;GAGE PARK;41.795737313;-87.685038858
SR20-05580008;SIE;Streets and Sanitation;Completed;2020-12-06 09:59:29;3252;S;EMERALD;AVE;BRIDGEPORT;41.834719533;-87.645230941
SR20-05580010;SRRC;Streets and Sanitation;Completed;2020-12-06 10:00:16;3252;S;EMERALD;AVE;BRIDGEPORT;41.834719533;-87.645230941
SR20-05580019;SFB;CDOT - Department of Transportation;Completed;2020-12-06 10:02:37;8700;S;CREGIER;AVE;CALUMET HEIGHTS;41.736904436;-87.580612689
SR20-05580026;RBL;BACP - Business Affairs and Consumer Protection;Completed;2020-12-06 10:05:40;1000;S;CLARK;ST;LOOP;41.8696732;-87.631058443
SR20-05580040;SKA;Streets and Sanitation;Completed;2020-12-06 10:12:27;1648;S;ALLPORT;ST;LOWER WEST SIDE;41.858262123;-87.657974934
SR20-05580043;GRAF;Streets and Sanitation;Completed;2020-12-06 10:12:33;5345;S;ARTESIAN;AVE;GAGE PARK;41.796182004;-87.685074576
SR20-05580047;GRAF;Streets and Sanitation;Completed;2020-12-06 10:13:53;5340;S;WESTERN;AVE;GAGE PARK;41.79629797;-87.684141262
SR20-05580056;SFB;CDOT - Department of Transportation;Completed;2020-12-06 10:16:33;5300;S;WOODLAWN;AVE;HYDE PARK;41.799374865;-87.596681634
SR20-05580057;SIE;Streets and Sanitation;Completed;2020-12-06 10:17:02;8611;S;HONORE;ST;AUBURN GRESHAM;41.737157093;-87.668906955
SR20-05580063;SRRP;Streets and Sanitation;Completed;2020-12-06 10:19:58;9700;S;AVALON;AVE;PULLMAN;41.718519442;-87.593739306
SR20-05580070;GRAF;Streets and Sanitation;Completed;2020-12-06 10:22:23;5033;S;OAKLEY;AVE;GAGE PARK;41.80197739;-87.681778623
SR20-05580081;SCB;Streets and Sanitation;Completed;2020-12-06 10:25:24;3101;S;MICHIGAN;AVE;DOUGLAS;41.838078873;-87.622937806
SR20-05580091;PCB;CDOT - Department of Transportation;Completed;2020-12-06 10:28:31;10758;S;TALMAN;AVE;MORGAN PARK;41.697298011;-87.687525993
SR20-05580105;WM3;DWM - Department of Water Management;Canceled;2020-12-06 10:32:53;4755;S;DORCHESTER;AVE;KENWOOD;41.807883983;-87.591954486
SR20-05580141;GRAF;Streets and Sanitation;Completed;2020-12-06 10:42:53;5059;S;ARTESIAN;AVE;GAGE PARK;41.801232687;-87.685451384
SR20-05580143;GRAF;Streets and Sanitation;Completed;2020-12-06 10:44:37;5500;S;SPAULDING;AVE;GAGE PARK;41.793395925;-87.70604383
SR20-05580146;SDR;Streets and Sanitation;Completed;2020-12-06 10:45:23;1616;S;NEWBERRY;AVE;LOWER WEST SIDE;41.859385462;-87.647701549
SR20-05580148;BBC;DOB - Buildings;Completed;2020-12-06 10:45:54;4354;S;INDIANA;AVE;GRAND BOULEVARD;41.815007724;-87.621668653
SR20-05580155;RBL;BACP - Business Affairs and Consumer Protection;Completed;2020-12-06 10:49:43;8908;S;ASHLAND;AVE;WASHINGTON HEIGHTS;41.731642375;-87.663322798
SR20-05580156;BBA;DOB - Buildings;Completed;2020-12-06 10:50:16;4354;S;INDIANA;AVE;GRAND BOULEVARD;41.815007724;-87.621668653
SR20-05580162;SRRC;Streets and Sanitation;Canceled;2020-12-06 10:51:56;6204;S;MAYFIELD;AVE;CLEARING;41.779516587;-87.769394473
SR20-05580215;SKA;Streets and Sanitation;Completed;2020-12-06 11:09:01;1933;S;STATE;ST;NEAR SOUTH SIDE;41.85545438;-87.627151885
SR20-05580218;SGA;Streets and Sanitation;Completed;2020-12-06 11:09:32;3417;S;RACINE;AVE;BRIDGEPORT;41.831824147;-87.655553215
SR20-05580228;SKA;Streets and Sanitation;Completed;2020-12-06 11:14:23;9243;S;MANISTEE;AVE;CALUMET HEIGHTS;41.726921842;-87.556437617
SR20-05580263;SGQ;Streets and Sanitation;Completed;2020-12-06 11:25:08;7807;S;SANGAMON;ST;AUBURN GRESHAM;41.752176052;-87.647416833
SR20-05580295;PHF;CDOT - Department of Transportation;Completed;2020-12-06 11:34:38;6846;S;LAWNDALE;AVE;WEST LAWN;41.768279639;-87.715184366
SR20-05580314;GRAF;Streets and Sanitation;Completed;2020-12-06 11:39:02;2300;S;BLUE ISLAND;AVE;LOWER WEST SIDE;41.850572343;-87.671128548
SR20-05580326;SGQ;Streets and Sanitation;Completed;2020-12-06 11:43:45;8119;S;KEDZIE;AVE;ASHBURN;41.745572626;-87.701954461
SR20-05580332;AAF;DWM - Department of Water Management;Completed;2020-12-06 11:44:49;3300;S;HALSTED;ST;BRIDGEPORT;41.834759402;-87.646428168
SR20-05580335;SDR;Streets and Sanitation;Completed;2020-12-06 11:45:23;5933;S;PRAIRIE;AVE;WASHINGTON PARK;41.78650199;-87.618651614
SR20-05580355;SFB;CDOT - Department of Transportation;Completed;2020-12-06 11:51:40;1511;S;CALIFORNIA;BLVD;NORTH LAWNDALE;41.861325085;-87.695760632
SR20-05580375;SFB;CDOT - Department of Transportation;Completed;2020-12-06 11:56:45;4045;S;KEDZIE;AVE;BRIGHTON PARK;41.819463537;-87.704177425
SR20-05580399;SKA;Streets and Sanitation;Completed;2020-12-06 12:04:15;10812;S;WENTWORTH;AVE;ROSELAND;41.697601332;-87.628306112
SR20-05580428;PCB;CDOT - Department of Transportation;Completed;2020-12-06 12:12:48;8648;S;KENTON;AVE;ASHBURN;41.734922859;-87.73604669
SR20-05580438;WM3;DWM - Department of Water Management;Canceled;2020-12-06 12:14:34;4800;S;KENWOOD;AVE;KENWOOD;41.80786759;-87.593775517
SR20-05580441;SKA;Streets and Sanitation;Completed;2020-12-06 12:15:21;6832;S;MAPLEWOOD;AVE;CHICAGO LAWN;41.769070544;-87.687326814
SR20-05580459;WCA2;DWM - Department of Water Management;Open;2020-12-06 12:19:01;5132;S;CORNELL;AVE;HYDE PARK;41.801455789;-87.586529245
SR20-05580485;SKA;Streets and Sanitation;Completed;2020-12-06 12:24:56;6954;S;ARTESIAN;AVE;CHICAGO LAWN;41.76671409;-87.684805599
SR20-05580503;WM3;DWM - Department of Water Management;Canceled;2020-12-06 12:28:45;4800;S;DORCHESTER;AVE;KENWOOD;41.807793491;-87.59198847
SR20-05580507;BBA;DOB - Buildings;Completed;2020-12-06 12:29:45;4541;S;FAIRFIELD;AVE;BRIGHTON PARK;41.810725342;-87.692585326
SR20-05580509;SGQ;Streets and Sanitation;Completed;2020-12-06 12:30:26;8100;S;KEDZIE;AVE;ASHBURN;41.745794245;-87.702727175
SR20-05580518;SKA;Streets and Sanitation;Completed;2020-12-06 12:32:23;10248;S;EGGLESTON;AVE;WASHINGTON HEIGHTS;41.70757938;-87.633941433
SR20-05580521;BBA;DOB - Buildings;Completed;2020-12-06 12:33:33;4637;S;TALMAN;AVE;BRIGHTON PARK;41.809026077;-87.690304715
SR20-05580529;SIE;Streets and Sanitation;Completed;2020-12-06 12:35:17;6201;S;LAFLIN;ST;WEST ENGLEWOOD;41.781175532;-87.661484303
SR20-05580535;SGA;Streets and Sanitation;Completed;2020-12-06 12:36:24;7855;S;WINCHESTER;AVE;AUBURN GRESHAM;41.750442531;-87.671759798
SR20-05580536;BBA;DOB - Buildings;Completed;2020-12-06 12:36:39;4641;S;TALMAN;AVE;BRIGHTON PARK;41.808939783;-87.690530147
SR20-05580539;SCB;Streets and Sanitation;Completed;2020-12-06 12:37:30;9310;S;ESCANABA;AVE;CALUMET HEIGHTS;41.726060523;-87.553964496
SR20-05580542;SGA;Streets and Sanitation;Completed;2020-12-06 12:38:20;7808;S;WINCHESTER;AVE;AUBURN GRESHAM;41.751759413;-87.672005054
SR20-05580544;SGA;Streets and Sanitation;Completed;2020-12-06 12:39:36;7743;S;WINCHESTER;AVE;AUBURN GRESHAM;41.752624271;-87.671692631
SR20-05580547;SGA;Streets and Sanitation;Completed;2020-12-06 12:40:39;7722;S;WINCHESTER;AVE;AUBURN GRESHAM;41.753185053;-87.672045663
SR20-05580555;SGA;Streets and Sanitation;Completed;2020-12-06 12:41:59;7647;S;WINCHESTER;AVE;AUBURN GRESHAM;41.754328769;-87.672004883
SR20-05580559;SGA;Streets and Sanitation;Completed;2020-12-06 12:42:50;7610;S;WINCHESTER;AVE;AUBURN GRESHAM;41.755338328;-87.672356122
SR20-05580568;SGA;Streets and Sanitation;Completed;2020-12-06 12:44:55;7847;S;WOLCOTT;AVE;AUBURN GRESHAM;41.750735521;-87.670436274
SR20-05580571;BBA;DOB - Buildings;Completed;2020-12-06 12:45:34;4543;S;FAIRFIELD;AVE;BRIGHTON PARK;41.81065112;-87.69280799
SR20-05580575;SGA;Streets and Sanitation;Completed;2020-12-06 12:46:08;7810;S;WOLCOTT;AVE;AUBURN GRESHAM;41.751715439;-87.671045197
SR20-05580579;SGA;Streets and Sanitation;Completed;2020-12-06 12:47:02;7755;S;WOLCOTT;AVE;AUBURN GRESHAM;41.752309675;-87.670456333
SR20-05580586;SGA;Streets and Sanitation;Completed;2020-12-06 12:48:23;7609;S;WOLCOTT;AVE;AUBURN GRESHAM;41.755417728;-87.670821994
SR20-05580592;SGA;Streets and Sanitation;Completed;2020-12-06 12:49:29;7600;S;WOLCOTT;AVE;AUBURN GRESHAM;41.755642982;-87.670900035
SR20-05580594;SGA;Streets and Sanitation;Completed;2020-12-06 12:50:39;7817;S;HONORE;ST;AUBURN GRESHAM;41.751544255;-87.669252632
SR20-05580595;SKA;Streets and Sanitation;Completed;2020-12-06 12:50:49;10227;S;SANGAMON;ST;WASHINGTON HEIGHTS;41.707838721;-87.646287799
SR20-05580603;SKA;Streets and Sanitation;Completed;2020-12-06 12:52:29;10227;S;SANGAMON;ST;WASHINGTON HEIGHTS;41.707838721;-87.646287799
SR20-05580604;SGA;Streets and Sanitation;Completed;2020-12-06 12:53:20;7850;S;HONORE;ST;AUBURN GRESHAM;41.750601282;-87.669546265
SR20-05580606;GRAF;Streets and Sanitation;Completed;2020-12-06 12:53:38;755;S;CLARK;ST;LOOP;41.872239539;-87.630616417
SR20-05580610;BBA;DOB - Buildings;Completed;2020-12-06 12:54:14;5229;S;JUSTINE;ST;NEW CITY;41.798652669;-87.663254711
SR20-05580614;SGA;Streets and Sanitation;Completed;2020-12-06 12:54:24;7819;S;HONORE;ST;AUBURN GRESHAM;41.751508856;-87.669496849
SR20-05580618;SGA;Streets and Sanitation;Completed;2020-12-06 12:55:57;7753;S;HONORE;ST;AUBURN GRESHAM;41.752408523;-87.669253668
SR20-05580626;SGA;Streets and Sanitation;Completed;2020-12-06 12:57:22;7753;S;HONORE;ST;AUBURN GRESHAM;41.752408523;-87.669253668
SR20-05580633;SGA;Streets and Sanitation;Completed;2020-12-06 12:59:20;7749;S;HONORE;ST;AUBURN GRESHAM;41.75249213;-87.669269336
SR20-05580651;SGA;Streets and Sanitation;Completed;2020-12-06 13:04:56;7717;S;HONORE;ST;AUBURN GRESHAM;41.753385586;-87.669551488
SR20-05580674;SGA;Streets and Sanitation;Completed;2020-12-06 13:06:57;7623;S;HONORE;ST;AUBURN GRESHAM;41.755046415;-87.669334076
SR20-05580680;SGA;Streets and Sanitation;Completed;2020-12-06 13:08:02;7634;S;HONORE;ST;AUBURN GRESHAM;41.754706643;-87.669948816
SR20-05580692;BBK;DOB - Buildings;Completed;2020-12-06 13:09:10;7957;S;PRINCETON;AVE;CHATHAM;41.749188037;-87.631574312
SR20-05580693;SGA;Streets and Sanitation;Completed;2020-12-06 13:09:14;7848;S;WOOD;ST;AUBURN GRESHAM;41.7506731;-87.668341404
SR20-05580698;SGA;Streets and Sanitation;Completed;2020-12-06 13:10:17;7800;S;WOOD;ST;AUBURN GRESHAM;41.751993533;-87.668607784
SR20-05580704;SGA;Streets and Sanitation;Completed;2020-12-06 13:11:33;7719;S;WOOD;ST;AUBURN GRESHAM;41.753327976;-87.668071555
SR20-05580712;SGA;Streets and Sanitation;Completed;2020-12-06 13:12:58;7751;S;WOOD;ST;AUBURN GRESHAM;41.752424055;-87.668056988
SR20-05580718;SGA;Streets and Sanitation;Completed;2020-12-06 13:13:56;7752;S;WOOD;ST;AUBURN GRESHAM;41.752416137;-87.668667574
SR20-05580722;SKA;Streets and Sanitation;Completed;2020-12-06 13:14:29;6319;S;LAFLIN;ST;WEST ENGLEWOOD;41.778802508;-87.661485098
SR20-05580728;SGA;Streets and Sanitation;Completed;2020-12-06 13:14:46;7639;S;WOOD;ST;AUBURN GRESHAM;41.754598205;-87.668371566
SR20-05580734;CIAC;Animal Care and Control;Completed;2020-12-06 13:15:41;5858;S;DOCTOR MARTIN LUTHER KING JR;DR;WASHINGTON PARK;41.787530554;-87.615807949
SR20-05580735;SGA;Streets and Sanitation;Completed;2020-12-06 13:15:44;7639;S;WOOD;ST;AUBURN GRESHAM;41.754598205;-87.668371566
SR20-05580738;BBK;DOB - Buildings;Completed;2020-12-06 13:16:18;7957;S;PRINCETON;AVE;CHATHAM;41.749188037;-87.631574312
SR20-05580739;SGA;Streets and Sanitation;Completed;2020-12-06 13:16:32;7640;S;WOOD;ST;AUBURN GRESHAM;41.75455791;-87.668707623
SR20-05580741;SGA;Streets and Sanitation;Completed;2020-12-06 13:17:29;7835;S;HERMITAGE;AVE;AUBURN GRESHAM;41.751107827;-87.666815408
SR20-05580743;SGA;Streets and Sanitation;Completed;2020-12-06 13:18:18;7812;S;HONORE;ST;AUBURN GRESHAM;41.75162403;-87.669868821
SR20-05580748;SGA;Streets and Sanitation;Completed;2020-12-06 13:19:26;7715;S;HERMITAGE;AVE;AUBURN GRESHAM;41.753508197;-87.666862817
SR20-05580750;SGA;Streets and Sanitation;Completed;2020-12-06 13:20:12;7712;S;HERMITAGE;AVE;AUBURN GRESHAM;41.753501441;-87.667445407
SR20-05580753;SGA;Streets and Sanitation;Completed;2020-12-06 13:21:29;7728;S;HERMITAGE;AVE;AUBURN GRESHAM;41.753073414;-87.667190245
SR20-05580754;EAF;Animal Care and Control;Completed;2020-12-06 13:22:02;4832;S;THROOP;ST;NEW CITY;41.805914674;-87.657859759
SR20-05580756;SGA;Streets and Sanitation;Completed;2020-12-06 13:22:19;7649;S;HERMITAGE;AVE;AUBURN GRESHAM;41.754331214;-87.666882456
SR20-05580757;SGA;Streets and Sanitation;Completed;2020-12-06 13:23:22;7610;S;HERMITAGE;AVE;AUBURN GRESHAM;41.755396295;-87.667506616
SR20-05580758;SGA;Streets and Sanitation;Completed;2020-12-06 13:24:05;7827;S;PAULINA;ST;AUBURN GRESHAM;41.751288067;-87.665595123
SR20-05580761;SGA;Streets and Sanitation;Completed;2020-12-06 13:24:49;7806;S;PAULINA;ST;AUBURN GRESHAM;41.751860352;-87.66620041
SR20-05580764;SGA;Streets and Sanitation;Completed;2020-12-06 13:26:04;7737;S;PAULINA;ST;AUBURN GRESHAM;41.752864103;-87.665627689
SR20-05580766;SGA;Streets and Sanitation;Completed;2020-12-06 13:26:49;7748;S;PAULINA;ST;AUBURN GRESHAM;41.752528955;-87.666233343
SR20-05580767;SGA;Streets and Sanitation;Completed;2020-12-06 13:27:52;7603;S;PAULINA;ST;AUBURN GRESHAM;41.755626991;-87.665629956
SR20-05580768;SGA;Streets and Sanitation;Completed;2020-12-06 13:28:40;7643;S;PAULINA;ST;AUBURN GRESHAM;41.754512019;-87.665678015
SR20-05580772;SGA;Streets and Sanitation;Completed;2020-12-06 13:29:42;7855;S;MARSHFIELD;AVE;AUBURN GRESHAM;41.750550226;-87.664623732
SR20-05580776;SGA;Streets and Sanitation;Completed;2020-12-06 13:30:37;7800;S;MARSHFIELD;AVE;AUBURN GRESHAM;41.752027427;-87.664983853
SR20-05580777;SDR;Streets and Sanitation;Completed;2020-12-06 13:30:55;2422;S;RIDGEWAY;AVE;SOUTH LAWNDALE;41.847298815;-87.718835779
SR20-05580779;SGA;Streets and Sanitation;Completed;2020-12-06 13:31:23;7757;S;MARSHFIELD;AVE;AUBURN GRESHAM;41.752299452;-87.664351331
SR20-05580781;SGA;Streets and Sanitation;Completed;2020-12-06 13:32:33;7722;S;MARSHFIELD;AVE;AUBURN GRESHAM;41.75327387;-87.664765449
SR20-05580785;SGA;Streets and Sanitation;Completed;2020-12-06 13:33:44;7637;S;MARSHFIELD;AVE;AUBURN GRESHAM;41.754690238;-87.664466172
SR20-05580787;SGA;Streets and Sanitation;Completed;2020-12-06 13:34:57;7650;S;MARSHFIELD;AVE;AUBURN GRESHAM;41.754301393;-87.664794135
SR20-05580790;SGA;Streets and Sanitation;Completed;2020-12-06 13:36:33;7800;S;ASHLAND;AVE;AUBURN GRESHAM;41.752061192;-87.663864457
SR20-05580793;SGA;Streets and Sanitation;Completed;2020-12-06 13:37:13;7700;S;ASHLAND;AVE;AUBURN GRESHAM;41.753911774;-87.663565601
SR20-05580795;SGA;Streets and Sanitation;Completed;2020-12-06 13:37:57;7600;S;ASHLAND;AVE;AUBURN GRESHAM;41.755624963;-87.664008023
SR20-05580802;SDR;Streets and Sanitation;Completed;2020-12-06 13:39:47;10543;S;VERNON;AVE;ROSELAND;41.702410026;-87.612147149
SR20-05580816;SGA;Streets and Sanitation;Completed;2020-12-06 13:43:57;7035;S;WINCHESTER;AVE;WEST ENGLEWOOD;41.765592963;-87.67207715
SR20-05580817;SGA;Streets and Sanitation;Completed;2020-12-06 13:45:04;6148;S;FRANCISCO;AVE;CHICAGO LAWN;41.781283726;-87.696178237
SR20-05580820;SGQ;Streets and Sanitation;Completed;2020-12-06 13:45:44;6148;S;FRANCISCO;AVE;CHICAGO LAWN;41.781283726;-87.696178237
SR20-05580821;PET;Animal Care and Control;Completed;2020-12-06 13:46:21;9532;S;COLFAX;AVE;SOUTH DEERING;41.721992754;-87.561608082
SR20-05580827;QAC;City Clerk's Office;Completed;2020-12-06 13:47:14;4713;S;KILDARE;AVE;ARCHER HEIGHTS;41.807340157;-87.730656235
SR20-05580829;PCD;CDOT - Department of Transportation;Completed;2020-12-06 13:47:40;7758;S;HONORE;ST;AUBURN GRESHAM;41.752231045;-87.669846633
SR20-05580840;PCE;CDOT - Department of Transportation;Completed;2020-12-06 13:50:12;7758;S;HONORE;ST;AUBURN GRESHAM;41.752231045;-87.669846633
SR20-05580844;QAC;City Clerk's Office;Completed;2020-12-06 13:51:03;4700;S;KOLIN;AVE;ARCHER HEIGHTS;41.807679579;-87.732194251
SR20-05580854;PCB;CDOT - Department of Transportation;Completed;2020-12-06 13:55:47;5498;S;NEWLAND;AVE;GARFIELD RIDGE;41.792175129;-87.795354757
SR20-05580856;QAC;City Clerk's Office;Completed;2020-12-06 13:56:35;4704;S;KILDARE;AVE;ARCHER HEIGHTS;41.807582587;-87.730961744
SR20-05580862;PCD;CDOT - Department of Transportation;Completed;2020-12-06 13:58:49;5498;S;NEWLAND;AVE;GARFIELD RIDGE;41.792175129;-87.795354757
SR20-05580881;PCB;CDOT - Department of Transportation;Completed;2020-12-06 14:02:38;5499;S;NEWLAND;AVE;GARFIELD RIDGE;41.792179631;-87.795134819
SR20-05580899;CIAC;Animal Care and Control;Completed;2020-12-06 14:08:24;6000;S;ST LAWRENCE;AVE;WOODLAWN;41.785706397;-87.610963477
SR20-05580918;SKA;Streets and Sanitation;Completed;2020-12-06 14:15:39;8127;S;COLFAX;AVE;SOUTH CHICAGO;41.747288855;-87.560993538
SR20-05580944;SGQ;Streets and Sanitation;Completed;2020-12-06 14:22:53;7800;S;SANGAMON;ST;AUBURN GRESHAM;41.75225517;-87.647917467
SR20-05580950;SGQ;Streets and Sanitation;Completed;2020-12-06 14:27:18;7801;S;SANGAMON;ST;AUBURN GRESHAM;41.752291627;-87.647346761
SR20-05580988;SKA;Streets and Sanitation;Completed;2020-12-06 14:40:54;3036;S;POPLAR;AVE;BRIDGEPORT;41.838873668;-87.647840285
SR20-05580997;SFB;CDOT - Department of Transportation;Completed;2020-12-06 14:43:43;7700;S;SOUTH CHICAGO;AVE;AVALON PARK;41.754696391;-87.590014167
SR20-05581001;SFB;CDOT - Department of Transportation;Completed;2020-12-06 14:45:07;2900;S;MICHIGAN;AVE;DOUGLAS;41.841913393;-87.623585253
SR20-05581003;WM3;DWM - Department of Water Management;Completed;2020-12-06 14:47:05;3001;S;KEDZIE;AVE;SOUTH LAWNDALE;41.838909716;-87.704521721
SR20-05581027;SIE;Streets and Sanitation;Completed;2020-12-06 14:53:43;5924;S;MAYFIELD;AVE;CLEARING;41.78448176;-87.769609547
SR20-05581031;SGA;Streets and Sanitation;Completed;2020-12-06 14:54:06;5924;S;MAYFIELD;AVE;CLEARING;41.78448176;-87.769609547
SR20-05581034;BBC;DOB - Buildings;Completed;2020-12-06 14:55:33;8501;S;CRANDON;AVE;SOUTH CHICAGO;41.740679213;-87.568257448
SR20-05581051;SIE;Streets and Sanitation;Completed;2020-12-06 15:00:10;4801;S;WABASH;AVE;GRAND BOULEVARD;41.807338971;-87.624040475
SR20-05581066;SRRC;Streets and Sanitation;Completed;2020-12-06 15:05:21;13205;S;BRANDON;AVE;HEGEWISCH;41.655270135;-87.545622984
SR20-05581074;GRAF;Streets and Sanitation;Completed;2020-12-06 15:06:56;4800;S;KOLIN;AVE;ARCHER HEIGHTS;41.805809008;-87.732371927
SR20-05581080;SFB;CDOT - Department of Transportation;Completed;2020-12-06 15:08:37;5801;S;KEDZIE;AVE;GAGE PARK;41.788071886;-87.703407023
SR20-05581084;SRRC;Streets and Sanitation;Completed;2020-12-06 15:09:37;9825;S;GENOA;AVE;WASHINGTON HEIGHTS;41.715017997;-87.651374186
SR20-05581086;SGA;Streets and Sanitation;Completed;2020-12-06 15:09:52;2300;S;DAMEN;AVE;LOWER WEST SIDE;41.850246825;-87.676124041
SR20-05581091;GRAF;Streets and Sanitation;Completed;2020-12-06 15:11:01;6000;S;ARCHER;AVE;GARFIELD RIDGE;41.795166218;-87.76655142
SR20-05581095;GRAF;Streets and Sanitation;Completed;2020-12-06 15:12:08;6000;S;ARCHER;AVE;GARFIELD RIDGE;41.795166218;-87.76655142
SR20-05581104;GRAF;Streets and Sanitation;Completed;2020-12-06 15:14:13;6118;S;ARCHER;AVE;GARFIELD RIDGE;41.794496292;-87.770929739
SR20-05581120;SCB;Streets and Sanitation;Completed;2020-12-06 15:16:42;9840;S;AVALON;AVE;PULLMAN;41.715524627;-87.593655942
SR20-05581170;BBA;DOB - Buildings;Completed;2020-12-06 15:30:51;5752;S;MICHIGAN;AVE;WASHINGTON PARK;41.7895089;-87.62237672
SR20-05581180;BBC;DOB - Buildings;Completed;2020-12-06 15:33:32;7952;S;EXCHANGE;AVE;SOUTH CHICAGO;41.750192059;-87.552908589
SR20-05581184;SCB;Streets and Sanitation;Completed;2020-12-06 15:34:31;7301;S;STEWART;AVE;GREATER GRAND CROSSING;41.761625234;-87.634039947
SR20-05581186;EAE;Animal Care and Control;Completed;2020-12-06 15:34:54;7030;S;CLYDE;AVE;SOUTH SHORE;41.767036501;-87.574385984
SR20-05581240;BBA;DOB - Buildings;Completed;2020-12-06 15:44:35;3720;S;UNION;AVE;BRIDGEPORT;41.826497756;-87.643835502
SR20-05581260;CHECKFOR;DWM - Department of Water Management;Completed;2020-12-06 15:47:27;2600;S;ST LOUIS;AVE;SOUTH LAWNDALE;41.844330173;-87.712388973
SR20-05581266;QAC;City Clerk's Office;Completed;2020-12-06 15:48:42;3020;S;HOMAN;AVE;SOUTH LAWNDALE;41.838305092;-87.709995046
SR20-05581273;WM3;DWM - Department of Water Management;Completed;2020-12-06 15:51:15;8116;S;RICHMOND;ST;ASHBURN;41.745691386;-87.696480604
SR20-05581278;SIE;Streets and Sanitation;Completed;2020-12-06 15:52:03;9358;S;FOREST;AVE;ROSELAND;41.723835096;-87.616946882
SR20-05581286;SFD;CDOT - Department of Transportation;Completed;2020-12-06 15:53:34;7819;S;MORGAN;ST;AUBURN GRESHAM;41.751752332;-87.648646798
SR20-05581293;BBA;DOB - Buildings;Completed;2020-12-06 15:55:18;7456;S;SOUTH SHORE;DR;SOUTH SHORE;41.760903707;-87.557785144
SR20-05581296;BBA;DOB - Buildings;Completed;2020-12-06 15:56:06;4437;S;GREENWOOD;AVE;KENWOOD;41.813981754;-87.598894286
SR20-05581322;SFD;CDOT - Department of Transportation;Completed;2020-12-06 16:02:24;9500;S;YATES;AVE;SOUTH DEERING;41.722517835;-87.564757003
SR20-05581355;SEL;Streets and Sanitation;Completed;2020-12-06 16:10:14;7553;S;VERNON;AVE;GREATER GRAND CROSSING;41.75690061;-87.613584618
SR20-05581368;RBL;BACP - Business Affairs and Consumer Protection;Completed;2020-12-06 16:14:31;5700;S;CICERO;AVE;GARFIELD RIDGE;41.787881677;-87.741882343
SR20-05581380;BBA;DOB - Buildings;Completed;2020-12-06 16:17:35;8638;S;HALSTED;ST;AUBURN GRESHAM;41.737633083;-87.643772426
SR20-05581385;EAF;Animal Care and Control;Completed;2020-12-06 16:19:37;11312;S;EGGLESTON;AVE;ROSELAND;41.688365483;-87.634090094
SR20-05581415;BBK;DOB - Buildings;Completed;2020-12-06 16:28:08;7418;S;EBERHART;AVE;GREATER GRAND CROSSING;41.759671981;-87.612917326
SR20-05581417;GRAF;Streets and Sanitation;Completed;2020-12-06 16:28:16;4800;S;KOLIN;AVE;ARCHER HEIGHTS;41.805809008;-87.732371927
SR20-05581424;SFD;CDOT - Department of Transportation;Completed;2020-12-06 16:30:26;7721;S;CHAPPEL;AVE;SOUTH SHORE;41.754614365;-87.574565962
SR20-05581433;SFA;CDOT - Department of Transportation;Completed;2020-12-06 16:33:59;10832;S;TRUMBULL;AVE;MOUNT GREENWOOD;41.695981909;-87.707421828
SR20-05581440;SGQ;Streets and Sanitation;Completed;2020-12-06 16:34:56;8119;S;KEDZIE;AVE;ASHBURN;41.745572626;-87.701954461
SR20-05581472;SFB;CDOT - Department of Transportation;Completed;2020-12-06 16:40:37;3053;S;KEDZIE;AVE;SOUTH LAWNDALE;41.837240779;-87.704828634
SR20-05581477;SFB;CDOT - Department of Transportation;Completed;2020-12-06 16:41:42;11358;S;O;AVE;EAST SIDE;41.688235025;-87.540105858
SR20-05581487;SFD;CDOT - Department of Transportation;Completed;2020-12-06 16:43:32;4600;S;STATE;ST;GRAND BOULEVARD;41.810971359;-87.626169061
SR20-05581495;SFD;CDOT - Department of Transportation;Completed;2020-12-06 16:45:47;5900;S;STEWART;AVE;ENGLEWOOD;41.787098158;-87.635771317
SR20-05581521;SIE;Streets and Sanitation;Completed;2020-12-06 16:48:48;9937;S;THROOP;ST;WASHINGTON HEIGHTS;41.712953417;-87.655211421
SR20-05581556;SFB;CDOT - Department of Transportation;Completed;2020-12-06 17:00:03;5300;S;WOODLAWN;AVE;HYDE PARK;41.799374865;-87.596681634
SR20-05581560;SFD;CDOT - Department of Transportation;Completed;2020-12-06 17:01:00;3700;S;PULASKI;RD;SOUTH LAWNDALE;41.826706609;-87.724175904
SR20-05581592;SFB;CDOT - Department of Transportation;Completed;2020-12-06 17:09:13;5300;S;WOODLAWN;AVE;HYDE PARK;41.799374865;-87.596681634
SR20-05581681;SGA;Streets and Sanitation;Completed;2020-12-06 17:32:05;6038;S;ALBANY;AVE;CHICAGO LAWN;41.783355821;-87.701117759
SR20-05581684;SGA;Streets and Sanitation;Completed;2020-12-06 17:33:19;7139;S;VERNON;AVE;GREATER GRAND CROSSING;41.764583516;-87.613713318
SR20-05581698;SEL;Streets and Sanitation;Completed;2020-12-06 17:36:36;7139;S;VERNON;AVE;GREATER GRAND CROSSING;41.764583516;-87.613713318
SR20-05581714;SFD;CDOT - Department of Transportation;Completed;2020-12-06 17:43:01;5401;S;CALUMET;AVE;WASHINGTON PARK;41.79653363;-87.617617602
SR20-05581717;WBJ;DWM - Department of Water Management;Completed;2020-12-06 17:43:09;7236;S;ARTESIAN;AVE;CHICAGO LAWN;41.761776055;-87.684884623
SR20-05581733;CIAC;Animal Care and Control;Completed;2020-12-06 17:47:21;5900;S;DR MARTIN LUTHER KING JR;DR;WASHINGTON PARK;41.787446611;-87.615915744
SR20-05581739;SFD;CDOT - Department of Transportation;Completed;2020-12-06 17:47:47;13507;S;BRAINARD;AVE;HEGEWISCH;41.649310597;-87.546730916
SR20-05581750;SGA;Streets and Sanitation;Completed;2020-12-06 17:50:29;4655;S;LAKE PARK;AVE;KENWOOD;41.810441609;-87.592778954
SR20-05581755;SKA;Streets and Sanitation;Completed;2020-12-06 17:51:43;6653;S;YALE;AVE;ENGLEWOOD;41.773002461;-87.631430802
SR20-05581756;BBC;DOB - Buildings;Completed;2020-12-06 17:51:46;6612;S;MARYLAND;AVE;WOODLAWN;41.774513878;-87.604863349
SR20-05581757;SFB;CDOT - Department of Transportation;Completed;2020-12-06 17:53:10;5300;S;WOODLAWN;AVE;HYDE PARK;41.799374865;-87.596681634
SR20-05581769;SFD;CDOT - Department of Transportation;Completed;2020-12-06 17:56:37;9530;S;EWING;AVE;EAST SIDE;41.722174341;-87.535952091
SR20-05581802;SFA;CDOT - Department of Transportation;Completed;2020-12-06 18:06:14;4403;S;ELLIS;AVE;KENWOOD;41.814896272;-87.601511516
SR20-05581825;SFD;CDOT - Department of Transportation;Completed;2020-12-06 18:12:02;2400;S;MICHIGAN;AVE;NEAR SOUTH SIDE;41.849143271;-87.623977165
SR20-05581852;SFD;CDOT - Department of Transportation;Completed;2020-12-06 18:22:14;7400;S;LAFAYETTE;AVE;GREATER GRAND CROSSING;41.759971095;-87.626461357
SR20-05581859;SGQ;Streets and Sanitation;Completed;2020-12-06 18:24:08;8055;S;INDIANA;AVE;CHATHAM;41.747609659;-87.619330907
SR20-05581863;SGQ;Streets and Sanitation;Completed;2020-12-06 18:25:56;8726;S;PARNELL;AVE;AUBURN GRESHAM;41.735119296;-87.637784598
SR20-05581865;EAF;Animal Care and Control;Completed;2020-12-06 18:26:44;5100;S;PRINCETON;AVE;FULLER PARK;41.801682329;-87.633466905
SR20-05581869;SGA;Streets and Sanitation;Completed;2020-12-06 18:27:11;5130;S;ELLIS;AVE;HYDE PARK;41.801362074;-87.601641056
SR20-05581873;SRRC;Streets and Sanitation;Completed;2020-12-06 18:28:28;8726;S;PARNELL;AVE;AUBURN GRESHAM;41.735119296;-87.637784598
SR20-05581876;SGA;Streets and Sanitation;Completed;2020-12-06 18:30:26;5130;S;ELLIS;AVE;HYDE PARK;41.801362074;-87.601641056
SR20-05581877;SGA;Streets and Sanitation;Completed;2020-12-06 18:31:04;2708;S;HOMAN;AVE;SOUTH LAWNDALE;41.842301883;-87.710087905
SR20-05581879;SCB;Streets and Sanitation;Completed;2020-12-06 18:31:25;8128;S;ALBANY;AVE;ASHBURN;41.745330216;-87.700126393
SR20-05581892;SGA;Streets and Sanitation;Completed;2020-12-06 18:35:34;2708;S;HOMAN;AVE;SOUTH LAWNDALE;41.842301883;-87.710087905
SR20-05581893;SGA;Streets and Sanitation;Completed;2020-12-06 18:35:42;2708;S;HOMAN;AVE;SOUTH LAWNDALE;41.842301883;-87.710087905
SR20-05581894;SGA;Streets and Sanitation;Completed;2020-12-06 18:36:17;2708;S;HOMAN;AVE;SOUTH LAWNDALE;41.842301883;-87.710087905
SR20-05581903;WCA2;DWM - Department of Water Management;Completed;2020-12-06 18:39:17;3511;S;UNION;AVE;BRIDGEPORT;41.830407791;-87.6434078
SR20-05581917;SFB;CDOT - Department of Transportation;Completed;2020-12-06 18:43:19;5300;S;WOODLAWN;AVE;HYDE PARK;41.799374865;-87.596681634
SR20-05581919;GRAF;Streets and Sanitation;Completed;2020-12-06 18:43:24;6146;S;ARCHER;AVE;GARFIELD RIDGE;41.794441753;-87.772320843
SR20-05581920;AAF;DWM - Department of Water Management;Completed;2020-12-06 18:43:29;6511;S;WOLCOTT;AVE;WEST ENGLEWOOD;41.775416585;-87.671115414
SR20-05581952;SGA;Streets and Sanitation;Completed;2020-12-06 18:53:32;5236;S;FAIRFIELD;AVE;GAGE PARK;41.798036617;-87.692982213
SR20-05581963;SFD;CDOT - Department of Transportation;Completed;2020-12-06 18:57:31;5532;S;KENNETH;AVE;WEST ELSDON;41.792104529;-87.734439327
SR20-05581965;SFD;CDOT - Department of Transportation;Completed;2020-12-06 18:58:28;10900;S;VERNON;AVE;ROSELAND;41.696306903;-87.61229245
SR20-05581987;BBA;DOB - Buildings;Completed;2020-12-06 19:04:38;5401;S;CALIFORNIA;AVE;GAGE PARK;41.795434056;-87.69381539
SR20-05582016;EAF;Animal Care and Control;Completed;2020-12-06 19:14:07;5145;S;RACINE;AVE;NEW CITY;41.800134304;-87.654778425
SR20-05579800;SGA;Streets and Sanitation;Completed;2020-12-06 09:06:20;2746;E;81ST;ST;SOUTH CHICAGO;41.748252331;-87.557046336
SR20-05579864;DBPC;Outside Agencies;Completed;2020-12-06 09:21:19;176;E;PEARSON;ST;NEAR NORTH SIDE;41.897635708;-87.622832677
SR20-05579981;WM3;DWM - Department of Water Management;Completed;2020-12-06 09:51:42;1371;E;48TH;ST;KENWOOD;41.807684358;-87.592276107
SR20-05580384;BBD;DOB - Buildings;Completed;2020-12-06 11:59:50;244;E;PEARSON;ST;NEAR NORTH SIDE;41.89796335;-87.619921166
SR20-05580463;SFB;CDOT - Department of Transportation;Completed;2020-12-06 12:19:19;1174;E;53RD;ST;HYDE PARK;41.799465346;-87.596647617
SR20-05580481;WM3;DWM - Department of Water Management;Completed;2020-12-06 12:22:33;1371;E;48TH;ST;KENWOOD;41.807684358;-87.592276107
SR20-05580548;EAE;Animal Care and Control;Completed;2020-12-06 12:40:39;2701;E;91ST;ST;CALUMET HEIGHTS;41.729876535;-87.560830673
SR20-05580737;AAE;DWM - Department of Water Management;Completed;2020-12-06 13:16:11;1368;E;48TH;ST;KENWOOD;41.807905229;-87.592510077
SR20-05580755;WM3;DWM - Department of Water Management;Completed;2020-12-06 13:22:18;1371;E;48TH;ST;KENWOOD;41.807684358;-87.592276107
SR20-05580762;RBL;BACP - Business Affairs and Consumer Protection;Completed;2020-12-06 13:25:43;46;E;CHICAGO;AVE;NEAR NORTH SIDE;41.896922074;-87.626400122
SR20-05580770;PSL;BACP - Business Affairs and Consumer Protection;Completed;2020-12-06 13:29:32;46;E;CHICAGO;AVE;NEAR NORTH SIDE;41.896922074;-87.626400122
SR20-05581005;SFB;CDOT - Department of Transportation;Completed;2020-12-06 14:48:21;1174;E;53RD;ST;HYDE PARK;41.799465346;-87.596647617
SR20-05581025;AAE;DWM - Department of Water Management;Completed;2020-12-06 14:53:20;1365;E;48TH;ST;KENWOOD;41.807667959;-87.592769815
SR20-05581143;WM3;DWM - Department of Water Management;Completed;2020-12-06 15:24:42;1365;E;48TH;ST;KENWOOD;41.807667959;-87.592769815
SR20-05581275;SKA;Streets and Sanitation;Completed;2020-12-06 15:51:37;71;E;101ST;PL;ROSELAND;41.709754941;-87.620791737
SR20-05581313;SCQ;Streets and Sanitation;Completed;2020-12-06 15:59:46;2510;E;96TH;ST;SOUTH DEERING;41.720480022;-87.56295771
SR20-05581366;SCT;Streets and Sanitation;Completed;2020-12-06 16:13:48;2400;E;95TH;ST;SOUTH DEERING;41.722622116;-87.565751941
SR20-05581527;BBC;DOB - Buildings;Canceled;2020-12-06 16:50:32;1502;E;74TH;PL;SOUTH SHORE;41.759693804;-87.588209081
SR20-05581624;SFD;CDOT - Department of Transportation;Completed;2020-12-06 17:16:09;229;E;LAKE SHORE;DR;NEAR NORTH SIDE;41.900640894;-87.620472353
SR20-05581690;SFD;CDOT - Department of Transportation;Completed;2020-12-06 17:35:33;359;E;54TH;ST;WASHINGTON PARK;41.796609987;-87.616920331
SR20-05581708;SFD;CDOT - Department of Transportation;Completed;2020-12-06 17:40:35;319;E;54TH;ST;WASHINGTON PARK;41.796581536;-87.618425124
SR20-05581740;SFB;CDOT - Department of Transportation;Completed;2020-12-06 17:48:06;1174;E;53RD;ST;HYDE PARK;41.799465346;-87.596647617
SR20-05581870;SFD;CDOT - Department of Transportation;Completed;2020-12-06 18:27:16;2800;E;93RD;ST;CALUMET HEIGHTS;41.726606084;-87.556510298
SR20-05581880;SFB;CDOT - Department of Transportation;Completed;2020-12-06 18:31:33;1174;E;53RD;ST;HYDE PARK;41.799465346;-87.596647617
SR20-05581885;SFB;CDOT - Department of Transportation;Completed;2020-12-06 18:33:36;1200;E;63RD;ST;WOODLAWN;41.780530112;-87.596209677
SR20-05581905;SFB;CDOT - Department of Transportation;Completed;2020-12-06 18:39:34;1174;E;53RD;ST;HYDE PARK;41.799465346;-87.596647617
SR20-05581940;SCQ;Streets and Sanitation;Completed;2020-12-06 18:49:39;1215;E;71ST;PL;GREATER GRAND CROSSING;41.764886586;-87.595053445
SR20-05579660;311IOC;311 City Services;Completed;2020-12-06 08:19:41;2111;W;Lexington;ST;NEAR WEST SIDE;41.871831278;-87.679846219
SR20-05579661;311IOC;311 City Services;Completed;2020-12-06 08:19:57;2111;W;Lexington;ST;NEAR WEST SIDE;41.871831278;-87.679846219
SR20-05579662;311IOC;311 City Services;Completed;2020-12-06 08:20:02;2111;W;Lexington;ST;NEAR WEST SIDE;41.871831278;-87.679846219
SR20-05579663;AVN;Aviation;Completed;2020-12-06 08:20:10;10510;W;ZEMKE;RD;OHARE;41.994896549;-87.887751654
SR20-05579665;AVN;Aviation;Completed;2020-12-06 08:20:20;10510;W;ZEMKE;RD;OHARE;41.994896549;-87.887751654
SR20-05579666;AVN;Aviation;Completed;2020-12-06 08:20:25;10510;W;ZEMKE;RD;OHARE;41.994896549;-87.887751654
SR20-05579671;311IOC;311 City Services;Completed;2020-12-06 08:22:52;2111;W;Lexington;ST;NEAR WEST SIDE;41.871831278;-87.679846219
SR20-05579672;311IOC;311 City Services;Completed;2020-12-06 08:23:00;2111;W;Lexington;ST;NEAR WEST SIDE;41.871831278;-87.679846219
SR20-05579673;311IOC;311 City Services;Completed;2020-12-06 08:23:06;2111;W;Lexington;ST;NEAR WEST SIDE;41.871831278;-87.679846219
SR20-05579674;311IOC;311 City Services;Completed;2020-12-06 08:24:03;2111;W;Lexington;ST;NEAR WEST SIDE;41.871831278;-87.679846219
SR20-05579675;SDR;Streets and Sanitation;Completed;2020-12-06 08:24:17;54;W;83RD;ST;CHATHAM;41.743865437;-87.62655266
SR20-05579677;AVN;Aviation;Completed;2020-12-06 08:26:04;10510;W;ZEMKE;RD;OHARE;41.994896549;-87.887751654
SR20-05579678;AVN;Aviation;Completed;2020-12-06 08:26:42;10510;W;ZEMKE;RD;OHARE;41.994896549;-87.887751654
SR20-05579679;311IOC;311 City Services;Completed;2020-12-06 08:27:17;2111;W;Lexington;ST;AUBURN GRESHAM;41.74054421;-87.656829511
SR20-05579680;AVN;Aviation;Completed;2020-12-06 08:27:26;10510;W;ZEMKE;RD;OHARE;41.994896549;-87.887751654
SR20-05579681;311IOC;311 City Services;Completed;2020-12-06 08:27:53;2111;W;Lexington;ST;NEAR WEST SIDE;41.871831278;-87.679846219
SR20-05579682;AVN;Aviation;Completed;2020-12-06 08:27:59;10510;W;ZEMKE;RD;OHARE;41.994896549;-87.887751654
SR20-05579684;AVN;Aviation;Completed;2020-12-06 08:28:35;10510;W;ZEMKE;RD;OHARE;41.994896549;-87.887751654
SR20-05579686;AVN;Aviation;Completed;2020-12-06 08:29:14;10510;W;ZEMKE;RD;OHARE;41.994896549;-87.887751654
SR20-05579687;GRAF;Streets and Sanitation;Completed;2020-12-06 08:29:21;95;W;POLK;ST;LOOP;41.87218178;-87.630418393
SR20-05579688;AVN;Aviation;Completed;2020-12-06 08:29:50;10510;W;ZEMKE;RD;OHARE;41.994896549;-87.887751654
SR20-05579689;311IOC;311 City Services;Completed;2020-12-06 08:30:02;2111;W;Lexington;ST;NEAR WEST SIDE;41.871831278;-87.679846219
SR20-05579690;311IOC;311 City Services;Completed;2020-12-06 08:31:34;2111;W;Lexington;ST;NEAR WEST SIDE;41.871831278;-87.679846219
SR20-05579691;AVN;Aviation;Completed;2020-12-06 08:32:00;10510;W;ZEMKE;RD;OHARE;41.994896549;-87.887751654
SR20-05579692;311IOC;311 City Services;Completed;2020-12-06 08:32:16;2111;W;Lexington;ST;NEAR WEST SIDE;41.871831278;-87.679846219
SR20-05579693;SKA;Streets and Sanitation;Completed;2020-12-06 08:32:35;3735;W;FERDINAND;ST;HUMBOLDT PARK;41.889750806;-87.719977414
SR20-05579694;AVN;Aviation;Completed;2020-12-06 08:32:57;10510;W;ZEMKE;RD;OHARE;41.994896549;-87.887751654
SR20-05579695;311IOC;311 City Services;Completed;2020-12-06 08:33:56;2111;W;Lexington;ST;NEAR WEST SIDE;41.871831278;-87.679846219
SR20-05579696;GRAF;Streets and Sanitation;Completed;2020-12-06 08:34:07;1901;W;RACE;AVE;WEST TOWN;41.891593183;-87.674491589
SR20-05579697;311IOC;311 City Services;Completed;2020-12-06 08:34:30;2111;W;Lexington;ST;NEAR WEST SIDE;41.871831278;-87.679846219
SR20-05579699;311IOC;311 City Services;Completed;2020-12-06 08:36:08;2111;W;Lexington;ST;NEAR WEST SIDE;41.871831278;-87.679846219
SR20-05579700;311IOC;311 City Services;Completed;2020-12-06 08:36:13;2111;W;Lexington;ST;NEAR WEST SIDE;41.871831278;-87.679846219
SR20-05579701;311IOC;311 City Services;Completed;2020-12-06 08:36:23;2111;W;Lexington;ST;NEAR WEST SIDE;41.871831278;-87.679846219
SR20-05579702;311IOC;311 City Services;Completed;2020-12-06 08:36:35;2111;W;Lexington;ST;NEAR WEST SIDE;41.871831278;-87.679846219
SR20-05579703;311IOC;311 City Services;Completed;2020-12-06 08:36:38;2111;W;Lexington;ST;NEAR WEST SIDE;41.871831278;-87.679846219
SR20-05579704;BBA;DOB - Buildings;Completed;2020-12-06 08:36:39;231;W;75TH;ST;GREATER GRAND CROSSING;41.757939468;-87.630840853
SR20-05579706;SDR;Streets and Sanitation;Completed;2020-12-06 08:37:10;1053;W;AINSLIE;ST;UPTOWN;41.971530237;-87.656951823
SR20-05579707;311IOC;311 City Services;Completed;2020-12-06 08:37:14;2111;W;Lexington;ST;NEAR WEST SIDE;41.871831278;-87.679846219
SR20-05579708;311IOC;311 City Services;Completed;2020-12-06 08:37:32;2111;W;Lexington;ST;NEAR WEST SIDE;41.871831278;-87.679846219
SR20-05579709;311IOC;311 City Services;Completed;2020-12-06 08:37:39;2111;W;Lexington;ST;NEAR WEST SIDE;41.871831278;-87.679846219
SR20-05579711;311IOC;311 City Services;Completed;2020-12-06 08:37:47;2111;W;Lexington;ST;NEAR WEST SIDE;41.871831278;-87.679846219
SR20-05579713;311IOC;311 City Services;Completed;2020-12-06 08:40:35;2111;W;Lexington;ST;NEAR WEST SIDE;41.871831278;-87.679846219
SR20-05579714;GRAF;Streets and Sanitation;Completed;2020-12-06 08:40:44;3454;W;NORTH;AVE;HUMBOLDT PARK;41.910272753;-87.713861482
SR20-05579715;AVN;Aviation;Completed;2020-12-06 08:40:52;10510;W;ZEMKE;RD;OHARE;41.994896549;-87.887751654
SR20-05579716;AVN;Aviation;Completed;2020-12-06 08:41:30;10510;W;ZEMKE;RD;OHARE;41.994896549;-87.887751654
SR20-05579718;311IOC;311 City Services;Completed;2020-12-06 08:42:11;2111;W;Lexington;ST;NEAR WEST SIDE;41.871831278;-87.679846219
SR20-05579719;311IOC;311 City Services;Completed;2020-12-06 08:42:34;2111;W;Lexington;ST;NEAR WEST SIDE;41.871831278;-87.679846219
SR20-05579720;AVN;Aviation;Completed;2020-12-06 08:42:49;10510;W;ZEMKE;RD;OHARE;41.994896549;-87.887751654
SR20-05579722;AVN;Aviation;Completed;2020-12-06 08:43:43;10510;W;ZEMKE;RD;OHARE;41.994896549;-87.887751654
SR20-05579723;311IOC;311 City Services;Completed;2020-12-06 08:44:15;2111;W;Lexington;ST;NEAR WEST SIDE;41.871831278;-87.679846219
SR20-05579724;AVN;Aviation;Completed;2020-12-06 08:44:27;10510;W;ZEMKE;RD;OHARE;41.994896549;-87.887751654
SR20-05579726;311IOC;311 City Services;Completed;2020-12-06 08:44:35;2111;W;Lexington;ST;NEAR WEST SIDE;41.871831278;-87.679846219
SR20-05579728;311IOC;311 City Services;Completed;2020-12-06 08:44:56;2111;W;Lexington;ST;NEAR WEST SIDE;41.871831278;-87.679846219
SR20-05579729;AVN;Aviation;Completed;2020-12-06 08:45:06;10510;W;ZEMKE;RD;OHARE;41.994896549;-87.887751654
SR20-05579731;SGA;Streets and Sanitation;Completed;2020-12-06 08:45:24;5501;W;EDDY;ST;PORTAGE PARK;41.944975075;-87.764392067
SR20-05579733;AVN;Aviation;Completed;2020-12-06 08:46:03;10510;W;ZEMKE;RD;OHARE;41.994896549;-87.887751654
SR20-05579734;311IOC;311 City Services;Completed;2020-12-06 08:46:19;2111;W;Lexington;ST;NEAR WEST SIDE;41.871831278;-87.679846219
SR20-05579735;311IOC;311 City Services;Completed;2020-12-06 08:47:56;2111;W;Lexington;ST;NEAR WEST SIDE;41.871831278;-87.679846219
SR20-05579736;311IOC;311 City Services;Completed;2020-12-06 08:48:38;2111;W;Lexington;ST;NEAR WEST SIDE;41.871831278;-87.679846219
SR20-05579737;311IOC;311 City Services;Completed;2020-12-06 08:49:32;2111;W;Lexington;ST;NEAR WEST SIDE;41.871831278;-87.679846219
SR20-05579740;311IOC;311 City Services;Completed;2020-12-06 08:52:19;2111;W;Lexington;ST;NEAR WEST SIDE;41.871831278;-87.679846219
SR20-05579741;311IOC;311 City Services;Completed;2020-12-06 08:52:42;2111;W;Lexington;ST;NEAR WEST SIDE;41.871831278;-87.679846219
SR20-05579742;311IOC;311 City Services;Completed;2020-12-06 08:52:54;2111;W;Lexington;ST;NEAR WEST SIDE;41.871831278;-87.679846219
SR20-05579743;311IOC;311 City Services;Completed;2020-12-06 08:53:44;2111;W;Lexington;ST;NEAR WEST SIDE;41.871831278;-87.679846219
SR20-05579746;AVN;Aviation;Completed;2020-12-06 08:54:55;10510;W;ZEMKE;RD;OHARE;41.994896549;-87.887751654
SR20-05579747;311IOC;311 City Services;Completed;2020-12-06 08:55:12;2111;W;Lexington;ST;NEAR WEST SIDE;41.871831278;-87.679846219
SR20-05579749;SGA;Streets and Sanitation;Completed;2020-12-06 08:55:24;5219;W;HENDERSON;ST;PORTAGE PARK;41.941202194;-87.75761902
SR20-05579750;311IOC;311 City Services;Completed;2020-12-06 08:55:41;2111;W;Lexington;ST;NEAR WEST SIDE;41.871831278;-87.679846219
SR20-05579751;311IOC;311 City Services;Completed;2020-12-06 08:55:48;2111;W;Lexington;ST;WEST TOWN;41.903309828;-87.689160465
SR20-05579753;311IOC;311 City Services;Completed;2020-12-06 08:56:02;2111;W;Lexington;ST;NEAR WEST SIDE;41.871831278;-87.679846219
SR20-05579754;311IOC;311 City Services;Completed;2020-12-06 08:56:09;2111;W;Lexington;ST;NEAR WEST SIDE;41.871831278;-87.679846219
SR20-05579755;311IOC;311 City Services;Completed;2020-12-06 08:56:26;2111;W;Lexington;ST;NEAR WEST SIDE;41.871831278;-87.679846219
SR20-05579757;311IOC;311 City Services;Completed;2020-12-06 08:56:51;2111;W;Lexington;ST;NEAR WEST SIDE;41.871831278;-87.679846219
SR20-05579758;311IOC;311 City Services;Completed;2020-12-06 08:57:32;2111;W;Lexington;ST;NEAR WEST SIDE;41.871831278;-87.679846219
SR20-05579760;311IOC;311 City Services;Completed;2020-12-06 08:58:01;2111;W;Lexington;ST;NEAR WEST SIDE;41.871831278;-87.679846219
SR20-05579762;311IOC;311 City Services;Completed;2020-12-06 08:58:10;2111;W;Lexington;ST;NEAR WEST SIDE;41.871831278;-87.679846219
SR20-05579764;311IOC;311 City Services;Completed;2020-12-06 08:58:29;2111;W;Lexington;ST;NEAR WEST SIDE;41.871831278;-87.679846219
SR20-05579765;AVN;Aviation;Completed;2020-12-06 08:58:34;10510;W;ZEMKE;RD;OHARE;41.994896549;-87.887751654
SR20-05579766;AVN;Aviation;Completed;2020-12-06 08:58:40;10510;W;ZEMKE;RD;OHARE;41.994896549;-87.887751654
SR20-05579767;AVN;Aviation;Completed;2020-12-06 08:59:06;10510;W;ZEMKE;RD;OHARE;41.994896549;-87.887751654
SR20-05579768;311IOC;311 City Services;Completed;2020-12-06 08:59:06;2111;W;Lexington;ST;NEAR WEST SIDE;41.871831278;-87.679846219
SR20-05579769;BBD;DOB - Buildings;Completed;2020-12-06 08:59:27;1355;W;16TH;ST;LOWER WEST SIDE;41.859529212;-87.661103904
SR20-05579770;311IOC;311 City Services;Completed;2020-12-06 08:59:29;2111;W;Lexington;ST;NEAR WEST SIDE;41.871831278;-87.679846219
SR20-05579771;AVN;Aviation;Completed;2020-12-06 08:59:35;10510;W;ZEMKE;RD;OHARE;41.994896549;-87.887751654
SR20-05579772;AVN;Aviation;Completed;2020-12-06 08:59:52;10510;W;ZEMKE;RD;OHARE;41.994896549;-87.887751654
SR20-05579774;AVN;Aviation;Completed;2020-12-06 09:00:17;10510;W;ZEMKE;RD;OHARE;41.994896549;-87.887751654
SR20-05579775;AVN;Aviation;Completed;2020-12-06 09:00:54;10510;W;ZEMKE;RD;OHARE;41.994896549;-87.887751654
SR20-05579776;AVN;Aviation;Completed;2020-12-06 09:01:01;10510;W;ZEMKE;RD;OHARE;41.994896549;-87.887751654
SR20-05579778;311IOC;311 City Services;Completed;2020-12-06 09:01:18;2111;W;Lexington;ST;NEAR WEST SIDE;41.871831278;-87.679846219
SR20-05579779;AVN;Aviation;Completed;2020-12-06 09:01:19;10510;W;ZEMKE;RD;OHARE;41.994896549;-87.887751654
SR20-05579780;WBT;DWM - Department of Water Management;Completed;2020-12-06 09:01:19;5318;W;HARRISON;ST;AUSTIN;41.873135844;-87.758245679
SR20-05579781;AVN;Aviation;Completed;2020-12-06 09:01:30;10510;W;ZEMKE;RD;OHARE;41.994896549;-87.887751654
SR20-05579782;311IOC;311 City Services;Completed;2020-12-06 09:01:37;2111;W;Lexington;ST;NEAR WEST SIDE;41.871831278;-87.679846219
SR20-05579783;AVN;Aviation;Completed;2020-12-06 09:01:57;10510;W;ZEMKE;RD;OHARE;41.994896549;-87.887751654
SR20-05579784;311IOC;311 City Services;Completed;2020-12-06 09:02:21;2111;W;Lexington;ST;NEAR WEST SIDE;41.871831278;-87.679846219
SR20-05579785;AVN;Aviation;Completed;2020-12-06 09:02:56;10510;W;ZEMKE;RD;OHARE;41.994896549;-87.887751654
SR20-05579787;AVN;Aviation;Completed;2020-12-06 09:03:31;10510;W;ZEMKE;RD;OHARE;41.994896549;-87.887751654
SR20-05579788;AVN;Aviation;Completed;2020-12-06 09:03:39;10510;W;ZEMKE;RD;OHARE;41.994896549;-87.887751654
SR20-05579792;SGA;Streets and Sanitation;Completed;2020-12-06 09:05:17;456;W;103RD;PL;ROSELAND;41.706320868;-87.635351833
SR20-05579793;RBL;BACP - Business Affairs and Consumer Protection;Completed;2020-12-06 09:05:19;1804;W;DIVISION;ST;WEST TOWN;41.903512298;-87.672731627
SR20-05579794;AVN;Aviation;Completed;2020-12-06 09:05:30;10510;W;ZEMKE;RD;OHARE;41.994896549;-87.887751654
SR20-05579795;311IOC;311 City Services;Completed;2020-12-06 09:05:33;2111;W;Lexington;ST;NEAR WEST SIDE;41.871831278;-87.679846219
SR20-05579796;311IOC;311 City Services;Completed;2020-12-06 09:05:47;2111;W;Lexington;ST;NEAR WEST SIDE;41.871831278;-87.679846219
SR20-05579797;AVN;Aviation;Completed;2020-12-06 09:05:57;10510;W;ZEMKE;RD;OHARE;41.994896549;-87.887751654
SR20-05579798;AVN;Aviation;Completed;2020-12-06 09:06:06;10510;W;ZEMKE;RD;OHARE;41.994896549;-87.887751654
SR20-05579799;SGA;Streets and Sanitation;Completed;2020-12-06 09:06:17;446;W;103RD;PL;ROSELAND;41.706282754;-87.634950999
SR20-05579801;AVN;Aviation;Completed;2020-12-06 09:06:23;10510;W;ZEMKE;RD;OHARE;41.994896549;-87.887751654
SR20-05579802;AVN;Aviation;Completed;2020-12-06 09:06:30;10510;W;ZEMKE;RD;OHARE;41.994896549;-87.887751654
SR20-05579803;AVN;Aviation;Completed;2020-12-06 09:06:42;10510;W;ZEMKE;RD;OHARE;41.994896549;-87.887751654
SR20-05579804;311IOC;311 City Services;Completed;2020-12-06 09:07:02;2111;W;Lexington;ST;NEAR WEST SIDE;41.871831278;-87.679846219
SR20-05579805;EAE;Animal Care and Control;Completed;2020-12-06 09:07:17;400;W;NORMAL;PKWY;ENGLEWOOD;41.771545501;-87.634940189
SR20-05579806;AVN;Aviation;Completed;2020-12-06 09:07:30;10510;W;ZEMKE;RD;OHARE;41.994896549;-87.887751654
SR20-05579807;AVN;Aviation;Completed;2020-12-06 09:07:41;10510;W;ZEMKE;RD;OHARE;41.994896549;-87.887751654
SR20-05579809;AVN;Aviation;Completed;2020-12-06 09:07:48;10510;W;ZEMKE;RD;OHARE;41.994896549;-87.887751654
SR20-05579810;AVN;Aviation;Completed;2020-12-06 09:07:51;10510;W;ZEMKE;RD;OHARE;41.994896549;-87.887751654
SR20-05579811;AVN;Aviation;Completed;2020-12-06 09:08:11;10510;W;ZEMKE;RD;OHARE;41.994896549;-87.887751654
SR20-05579812;311IOC;311 City Services;Completed;2020-12-06 09:08:36;2111;W;Lexington;ST;NEAR WEST SIDE;41.871831278;-87.679846219
SR20-05579813;AVN;Aviation;Completed;2020-12-06 09:08:39;10510;W;ZEMKE;RD;OHARE;41.994896549;-87.887751654
SR20-05579815;AVN;Aviation;Completed;2020-12-06 09:08:46;10510;W;ZEMKE;RD;OHARE;41.994896549;-87.887751654
SR20-05579816;AVN;Aviation;Completed;2020-12-06 09:08:48;10510;W;ZEMKE;RD;OHARE;41.994896549;-87.887751654
SR20-05579817;AVN;Aviation;Completed;2020-12-06 09:08:54;10510;W;ZEMKE;RD;OHARE;41.994896549;-87.887751654
SR20-05579818;AVN;Aviation;Completed;2020-12-06 09:09:24;10510;W;ZEMKE;RD;OHARE;41.994896549;-87.887751654
SR20-05579819;AVN;Aviation;Completed;2020-12-06 09:09:31;10510;W;ZEMKE;RD;OHARE;41.994896549;-87.887751654
SR20-05579821;AVN;Aviation;Completed;2020-12-06 09:09:51;10510;W;ZEMKE;RD;OHARE;41.994896549;-87.887751654
SR20-05579822;311IOC;311 City Services;Completed;2020-12-06 09:10:01;2111;W;Lexington;ST;NEAR WEST SIDE;41.871831278;-87.679846219
SR20-05579824;SDP;Streets and Sanitation;Completed;2020-12-06 09:10:40;2001;W;GRAND;AVE;WEST TOWN;41.890831753;-87.676914517
SR20-05579825;AVN;Aviation;Completed;2020-12-06 09:10:52;10510;W;ZEMKE;RD;OHARE;41.994896549;-87.887751654
SR20-05579826;311IOC;311 City Services;Completed;2020-12-06 09:11:07;2111;W;Lexington;ST;NEAR WEST SIDE;41.871831278;-87.679846219
SR20-05579827;AVN;Aviation;Completed;2020-12-06 09:11:38;10510;W;ZEMKE;RD;OHARE;41.994896549;-87.887751654
SR20-05579828;311IOC;311 City Services;Completed;2020-12-06 09:11:38;2111;W;Lexington;ST;NEAR WEST SIDE;41.871831278;-87.679846219
SR20-05579829;311IOC;311 City Services;Completed;2020-12-06 09:11:56;2111;W;Lexington;ST;KENWOOD;41.807684358;-87.592276107
SR20-05579831;AVN;Aviation;Completed;2020-12-06 09:12:08;10510;W;ZEMKE;RD;OHARE;41.994896549;-87.887751654
SR20-05579832;SDR;Streets and Sanitation;Completed;2020-12-06 09:12:13;2608;W;VAN BUREN;ST;EAST GARFIELD PARK;41.876359611;-87.691893421
SR20-05579834;AVN;Aviation;Completed;2020-12-06 09:13:28;10510;W;ZEMKE;RD;OHARE;41.994896549;-87.887751654
SR20-05579835;AVN;Aviation;Completed;2020-12-06 09:13:30;10510;W;ZEMKE;RD;OHARE;41.994896549;-87.887751654
SR20-05579836;AVN;Aviation;Completed;2020-12-06 09:13:54;10510;W;ZEMKE;RD;OHARE;41.994896549;-87.887751654
SR20-05579837;AVN;Aviation;Completed;2020-12-06 09:14:50;10510;W;ZEMKE;RD;OHARE;41.994896549;-87.887751654
SR20-05579838;EAQ;Animal Care and Control;Completed;2020-12-06 09:14:54;2801;W;63RD;ST;CHICAGO LAWN;41.779123607;-87.693398114
SR20-05579840;AVN;Aviation;Completed;2020-12-06 09:15:08;10510;W;ZEMKE;RD;OHARE;41.994896549;-87.887751654
SR20-05579843;311IOC;311 City Services;Completed;2020-12-06 09:15:51;2111;W;Lexington;ST;NEAR WEST SIDE;41.871831278;-87.679846219
SR20-05579846;AVN;Aviation;Completed;2020-12-06 09:16:22;10510;W;ZEMKE;RD;OHARE;41.994896549;-87.887751654
SR20-05579847;AVN;Aviation;Completed;2020-12-06 09:16:29;10510;W;ZEMKE;RD;OHARE;41.994896549;-87.887751654
SR20-05579849;AVN;Aviation;Completed;2020-12-06 09:17:00;10510;W;ZEMKE;RD;OHARE;41.994896549;-87.887751654
SR20-05579850;311IOC;311 City Services;Completed;2020-12-06 09:17:06;2111;W;Lexington;ST;NEAR WEST SIDE;41.871831278;-87.679846219
SR20-05579851;AVN;Aviation;Completed;2020-12-06 09:17:37;10510;W;ZEMKE;RD;OHARE;41.994896549;-87.887751654
SR20-05579853;AVN;Aviation;Completed;2020-12-06 09:17:46;10510;W;ZEMKE;RD;OHARE;41.994896549;-87.887751654
SR20-05579854;311IOC;311 City Services;Completed;2020-12-06 09:17:51;2111;W;Lexington;ST;NEAR WEST SIDE;41.871831278;-87.679846219
SR20-05579855;311IOC;311 City Services;Completed;2020-12-06 09:17:58;2111;W;Lexington;ST;NEAR WEST SIDE;41.871831278;-87.679846219
SR20-05579856;311IOC;311 City Services;Completed;2020-12-06 09:18:09;2111;W;Lexington;ST;NEAR WEST SIDE;41.871831278;-87.679846219
SR20-05579858;AVN;Aviation;Completed;2020-12-06 09:19:55;10510;W;ZEMKE;RD;OHARE;41.994896549;-87.887751654
SR20-05579859;311IOC;311 City Services;Completed;2020-12-06 09:20:20;2111;W;Lexington;ST;NEAR WEST SIDE;41.871831278;-87.679846219
SR20-05579861;311IOC;311 City Services;Completed;2020-12-06 09:20:36;2111;W;Lexington;ST;NEAR WEST SIDE;41.871831278;-87.679846219
SR20-05579862;311IOC;311 City Services;Completed;2020-12-06 09:20:56;2111;W;Lexington;ST;NEAR WEST SIDE;41.871831278;-87.679846219
SR20-05579865;311IOC;311 City Services;Completed;2020-12-06 09:21:36;2111;W;Lexington;ST;NEAR WEST SIDE;41.871831278;-87.679846219
SR20-05579866;AVN;Aviation;Completed;2020-12-06 09:21:43;10510;W;ZEMKE;RD;OHARE;41.994896549;-87.887751654
SR20-05579867;AVN;Aviation;Completed;2020-12-06 09:21:51;10510;W;ZEMKE;RD;OHARE;41.994896549;-87.887751654
SR20-05579868;SEF;Streets and Sanitation;Completed;2020-12-06 09:21:52;1949;W;CHICAGO;AVE;WEST TOWN;41.89571712;-87.676539069
SR20-05579869;SDR;Streets and Sanitation;Completed;2020-12-06 09:22:25;2557;W;VAN BUREN;ST;NEAR WEST SIDE;41.876017791;-87.691164376
SR20-05579870;AVN;Aviation;Completed;2020-12-06 09:22:49;10510;W;ZEMKE;RD;OHARE;41.994896549;-87.887751654
SR20-05579873;AVN;Aviation;Completed;2020-12-06 09:23:39;10510;W;ZEMKE;RD;OHARE;41.994896549;-87.887751654
SR20-05579874;AVN;Aviation;Completed;2020-12-06 09:23:47;10510;W;ZEMKE;RD;OHARE;41.994896549;-87.887751654
SR20-05579875;AVN;Aviation;Completed;2020-12-06 09:23:49;10510;W;ZEMKE;RD;OHARE;41.994896549;-87.887751654
SR20-05579876;AVN;Aviation;Completed;2020-12-06 09:24:08;10510;W;ZEMKE;RD;OHARE;41.994896549;-87.887751654
SR20-05579877;311IOC;311 City Services;Completed;2020-12-06 09:24:25;2111;W;Lexington;ST;NEAR WEST SIDE;41.871831278;-87.679846219
SR20-05579878;AVN;Aviation;Completed;2020-12-06 09:24:49;10510;W;ZEMKE;RD;OHARE;41.994896549;-87.887751654
SR20-05579879;311IOC;311 City Services;Completed;2020-12-06 09:24:52;2111;W;Lexington;ST;NEAR WEST SIDE;41.871831278;-87.679846219
SR20-05579880;311IOC;311 City Services;Completed;2020-12-06 09:24:58;2111;W;Lexington;ST;NEAR WEST SIDE;41.871831278;-87.679846219
SR20-05579881;AVN;Aviation;Completed;2020-12-06 09:25:13;10510;W;ZEMKE;RD;OHARE;41.994896549;-87.887751654
SR20-05579882;AVN;Aviation;Completed;2020-12-06 09:25:45;10510;W;ZEMKE;RD;OHARE;41.994896549;-87.887751654
SR20-05579883;311IOC;311 City Services;Completed;2020-12-06 09:26:32;2111;W;Lexington;ST;NEAR WEST SIDE;41.871831278;-87.679846219
SR20-05579886;AVN;Aviation;Completed;2020-12-06 09:26:55;10510;W;ZEMKE;RD;OHARE;41.994896549;-87.887751654
SR20-05579887;311IOC;311 City Services;Completed;2020-12-06 09:27:28;2111;W;Lexington;ST;NEAR WEST SIDE;41.871831278;-87.679846219
SR20-05579888;AVN;Aviation;Completed;2020-12-06 09:27:32;10510;W;ZEMKE;RD;OHARE;41.994896549;-87.887751654
SR20-05579889;311IOC;311 City Services;Completed;2020-12-06 09:27:55;2111;W;Lexington;ST;NEAR WEST SIDE;41.871831278;-87.679846219
SR20-05579890;AVN;Aviation;Completed;2020-12-06 09:28:12;10510;W;ZEMKE;RD;OHARE;41.994896549;-87.887751654
SR20-05579891;AVN;Aviation;Completed;2020-12-06 09:28:23;10510;W;ZEMKE;RD;OHARE;41.994896549;-87.887751654
SR20-05579892;311IOC;311 City Services;Completed;2020-12-06 09:28:52;2111;W;Lexington;ST;NEAR WEST SIDE;41.871831278;-87.679846219
SR20-05579893;AVN;Aviation;Completed;2020-12-06 09:29:24;10510;W;ZEMKE;RD;OHARE;41.994896549;-87.887751654
SR20-05579894;311IOC;311 City Services;Completed;2020-12-06 09:29:51;2111;W;Lexington;ST;NEAR WEST SIDE;41.871831278;-87.679846219
SR20-05579895;AVN;Aviation;Completed;2020-12-06 09:30:16;10510;W;ZEMKE;RD;OHARE;41.994896549;-87.887751654
SR20-05579896;SIE;Streets and Sanitation;Completed;2020-12-06 09:31:01;5042;W;HURON;ST;AUSTIN;41.893307983;-87.752362475
SR20-05579897;AVN;Aviation;Completed;2020-12-06 09:31:10;10510;W;ZEMKE;RD;OHARE;41.994896549;-87.887751654
SR20-05579898;311IOC;311 City Services;Completed;2020-12-06 09:31:31;2111;W;Lexington;ST;NEAR WEST SIDE;41.871831278;-87.679846219
SR20-05579899;AVN;Aviation;Completed;2020-12-06 09:31:46;10510;W;ZEMKE;RD;OHARE;41.994896549;-87.887751654
SR20-05579900;AVN;Aviation;Completed;2020-12-06 09:32:02;10510;W;ZEMKE;RD;OHARE;41.994896549;-87.887751654
SR20-05579901;311IOC;311 City Services;Completed;2020-12-06 09:32:37;2111;W;Lexington;ST;NEAR WEST SIDE;41.871831278;-87.679846219
SR20-05579902;AVN;Aviation;Completed;2020-12-06 09:32:50;10510;W;ZEMKE;RD;OHARE;41.994896549;-87.887751654
SR20-05579903;AVN;Aviation;Completed;2020-12-06 09:33:40;10510;W;ZEMKE;RD;OHARE;41.994896549;-87.887751654
SR20-05579905;AVN;Aviation;Completed;2020-12-06 09:33:51;10510;W;ZEMKE;RD;OHARE;41.994896549;-87.887751654
SR20-05579906;CST;BACP - Business Affairs and Consumer Protection;Completed;2020-12-06 09:33:52;2333;W;MADISON;ST;NEAR WEST SIDE;41.880408403;-87.686060135
SR20-05579908;AVN;Aviation;Completed;2020-12-06 09:33:59;10510;W;ZEMKE;RD;OHARE;41.994896549;-87.887751654
SR20-05579909;AVN;Aviation;Completed;2020-12-06 09:34:07;10510;W;ZEMKE;RD;OHARE;41.994896549;-87.887751654
SR20-05579911;311IOC;311 City Services;Completed;2020-12-06 09:34:50;2111;W;Lexington;ST;NEAR WEST SIDE;41.871831278;-87.679846219
SR20-05579912;BBA;DOB - Buildings;Completed;2020-12-06 09:35:00;2333;W;MADISON;ST;NEAR WEST SIDE;41.880408403;-87.686060135
SR20-05579913;SKA;Streets and Sanitation;Completed;2020-12-06 09:35:01;2140;W;CHURCHILL;ST;LOGAN SQUARE;41.914827211;-87.68170025
SR20-05579914;AVN;Aviation;Completed;2020-12-06 09:35:23;10510;W;ZEMKE;RD;OHARE;41.994896549;-87.887751654
SR20-05579915;AVN;Aviation;Completed;2020-12-06 09:35:49;10510;W;ZEMKE;RD;OHARE;41.994896549;-87.887751654
SR20-05579916;311IOC;311 City Services;Completed;2020-12-06 09:36:27;2111;W;Lexington;ST;NEAR WEST SIDE;41.871831278;-87.679846219
SR20-05579917;AVN;Aviation;Completed;2020-12-06 09:36:30;10510;W;ZEMKE;RD;OHARE;41.994896549;-87.887751654
SR20-05579918;311IOC;311 City Services;Completed;2020-12-06 09:37:09;2111;W;Lexington;ST;NEAR WEST SIDE;41.871831278;-87.679846219
SR20-05579919;311IOC;311 City Services;Completed;2020-12-06 09:37:11;2111;W;Lexington;ST;UPTOWN;41.974331989;-87.664106359
SR20-05579921;AVN;Aviation;Completed;2020-12-06 09:37:25;10510;W;ZEMKE;RD;OHARE;41.994896549;-87.887751654
SR20-05579925;AVN;Aviation;Completed;2020-12-06 09:38:02;10510;W;ZEMKE;RD;OHARE;41.994896549;-87.887751654
SR20-05579926;311IOC;311 City Services;Completed;2020-12-06 09:38:45;2111;W;Lexington;ST;NEAR WEST SIDE;41.871831278;-87.679846219
SR20-05579927;AVN;Aviation;Completed;2020-12-06 09:38:54;10510;W;ZEMKE;RD;OHARE;41.994896549;-87.887751654
SR20-05579928;311IOC;311 City Services;Completed;2020-12-06 09:39:01;2111;W;Lexington;ST;NEAR WEST SIDE;41.871831278;-87.679846219
SR20-05579929;311IOC;311 City Services;Completed;2020-12-06 09:39:19;2111;W;Lexington;ST;NEAR WEST SIDE;41.871831278;-87.679846219
SR20-05579930;AVN;Aviation;Completed;2020-12-06 09:39:27;10510;W;ZEMKE;RD;OHARE;41.994896549;-87.887751654
SR20-05579931;AVN;Aviation;Completed;2020-12-06 09:39:35;10510;W;ZEMKE;RD;OHARE;41.994896549;-87.887751654
SR20-05579932;311IOC;311 City Services;Completed;2020-12-06 09:39:40;2111;W;Lexington;ST;NEAR SOUTH SIDE;41.85996196;-87.622893606
SR20-05579933;AVN;Aviation;Completed;2020-12-06 09:40:06;10510;W;ZEMKE;RD;OHARE;41.994896549;-87.887751654
SR20-05579934;AVN;Aviation;Completed;2020-12-06 09:40:07;10510;W;ZEMKE;RD;OHARE;41.994896549;-87.887751654
SR20-05579935;AVN;Aviation;Completed;2020-12-06 09:40:18;10510;W;ZEMKE;RD;OHARE;41.994896549;-87.887751654
SR20-05579936;311IOC;311 City Services;Completed;2020-12-06 09:40:22;2111;W;Lexington;ST;NEAR WEST SIDE;41.871831278;-87.679846219
SR20-05579937;AVN;Aviation;Completed;2020-12-06 09:40:41;10510;W;ZEMKE;RD;OHARE;41.994896549;-87.887751654
SR20-05579938;SFB;CDOT - Department of Transportation;Completed;2020-12-06 09:40:49;5678;W;WASHINGTON;BLVD;AUSTIN;41.882200179;-87.768196562
SR20-05579939;AVN;Aviation;Completed;2020-12-06 09:40:50;10510;W;ZEMKE;RD;OHARE;41.994896549;-87.887751654
SR20-05579940;AVN;Aviation;Completed;2020-12-06 09:42:30;10510;W;ZEMKE;RD;OHARE;41.994896549;-87.887751654
SR20-05579941;AVN;Aviation;Completed;2020-12-06 09:43:03;10510;W;ZEMKE;RD;OHARE;41.994896549;-87.887751654
SR20-05579942;AVN;Aviation;Completed;2020-12-06 09:43:46;10510;W;ZEMKE;RD;OHARE;41.994896549;-87.887751654
SR20-05579943;AVN;Aviation;Completed;2020-12-06 09:44:44;10510;W;ZEMKE;RD;OHARE;41.994896549;-87.887751654
SR20-05579944;AVN;Aviation;Completed;2020-12-06 09:44:50;10510;W;ZEMKE;RD;OHARE;41.994896549;-87.887751654
SR20-05579948;311IOC;311 City Services;Completed;2020-12-06 09:47:04;2111;W;Lexington;ST;NEAR WEST SIDE;41.871831278;-87.679846219
SR20-05579951;311IOC;311 City Services;Completed;2020-12-06 09:47:48;2111;W;Lexington;ST;NEAR WEST SIDE;41.871831278;-87.679846219
SR20-05579955;AVN;Aviation;Completed;2020-12-06 09:48:55;10510;W;ZEMKE;RD;OHARE;41.994896549;-87.887751654
SR20-05579956;BBD;DOB - Buildings;Completed;2020-12-06 09:49:00;2652;W;59TH;ST;GAGE PARK;41.786663622;-87.690809557
SR20-05579974;311IOC;311 City Services;Completed;2020-12-06 09:49:24;2111;W;Lexington;ST;NEAR WEST SIDE;41.871831278;-87.679846219
SR20-05579975;311IOC;311 City Services;Completed;2020-12-06 09:49:40;2111;W;Lexington;ST;NEAR WEST SIDE;41.871831278;-87.679846219
SR20-05579977;311IOC;311 City Services;Completed;2020-12-06 09:50:20;2111;W;Lexington;ST;NEAR WEST SIDE;41.871831278;-87.679846219
SR20-05579978;GRAF;Streets and Sanitation;Completed;2020-12-06 09:50:52;2608;W;51ST;ST;GAGE PARK;41.801334407;-87.689601378
SR20-05579979;AVN;Aviation;Completed;2020-12-06 09:51:24;10510;W;ZEMKE;RD;OHARE;41.994896549;-87.887751654
SR20-05579982;311IOC;311 City Services;Completed;2020-12-06 09:51:51;2111;W;Lexington;ST;NEAR WEST SIDE;41.871831278;-87.679846219
SR20-05579983;SEC;Streets and Sanitation;Completed;2020-12-06 09:52:04;4844;W;CHICAGO;AVE;AUSTIN;41.895231782;-87.747638424
SR20-05579984;311IOC;311 City Services;Completed;2020-12-06 09:52:14;2111;W;Lexington;ST;NEAR WEST SIDE;41.871831278;-87.679846219
SR20-05579987;311IOC;311 City Services;Completed;2020-12-06 09:53:17;2111;W;Lexington;ST;NEAR WEST SIDE;41.871831278;-87.679846219
SR20-05579988;311IOC;311 City Services;Completed;2020-12-06 09:53:35;2111;W;Lexington;ST;NEAR WEST SIDE;41.871831278;-87.679846219
SR20-05579991;311IOC;311 City Services;Completed;2020-12-06 09:54:50;2111;W;Lexington;ST;NEAR WEST SIDE;41.871831278;-87.679846219
SR20-05579992;311IOC;311 City Services;Completed;2020-12-06 09:54:59;2111;W;Lexington;ST;NEAR WEST SIDE;41.871831278;-87.679846219
SR20-05579993;311IOC;311 City Services;Completed;2020-12-06 09:56:00;2111;W;Lexington;ST;NEAR WEST SIDE;41.871831278;-87.679846219
SR20-05579994;311IOC;311 City Services;Completed;2020-12-06 09:56:01;2111;W;Lexington;ST;AUBURN GRESHAM;41.753852001;-87.665666144
SR20-05579995;AVN;Aviation;Completed;2020-12-06 09:56:58;10510;W;ZEMKE;RD;OHARE;41.994896549;-87.887751654
SR20-05579996;AVN;Aviation;Completed;2020-12-06 09:57:22;10510;W;ZEMKE;RD;OHARE;41.994896549;-87.887751654
SR20-05579999;311IOC;311 City Services;Completed;2020-12-06 09:57:56;2111;W;Lexington;ST;NEAR WEST SIDE;41.871831278;-87.679846219
SR20-05580000;AVN;Aviation;Completed;2020-12-06 09:57:59;10510;W;ZEMKE;RD;OHARE;41.994896549;-87.887751654
SR20-05580001;AVN;Aviation;Completed;2020-12-06 09:58:13;10510;W;ZEMKE;RD;OHARE;41.994896549;-87.887751654
SR20-05580002;311IOC;311 City Services;Completed;2020-12-06 09:58:15;2111;W;Lexington;ST;NEAR WEST SIDE;41.871831278;-87.679846219
SR20-05580003;311IOC;311 City Services;Completed;2020-12-06 09:58:18;2111;W;Lexington;ST;NEAR WEST SIDE;41.871831278;-87.679846219
SR20-05580004;AVN;Aviation;Completed;2020-12-06 09:58:29;10510;W;ZEMKE;RD;OHARE;41.994896549;-87.887751654
SR20-05580005;AVN;Aviation;Completed;2020-12-06 09:59:11;10510;W;ZEMKE;RD;OHARE;41.994896549;-87.887751654
SR20-05580006;311IOC;311 City Services;Completed;2020-12-06 09:59:15;2111;W;Lexington;ST;NEAR WEST SIDE;41.871831278;-87.679846219
SR20-05580009;311IOC;311 City Services;Completed;2020-12-06 09:59:36;2111;W;Lexington;ST;NEAR WEST SIDE;41.871831278;-87.679846219
SR20-05580011;311IOC;311 City Services;Completed;2020-12-06 10:00:22;2111;W;Lexington;ST;NEAR WEST SIDE;41.871831278;-87.679846219
SR20-05580013;AVN;Aviation;Completed;2020-12-06 10:01:34;10510;W;ZEMKE;RD;OHARE;41.994896549;-87.887751654
SR20-05580014;AVN;Aviation;Completed;2020-12-06 10:01:47;10510;W;ZEMKE;RD;OHARE;41.994896549;-87.887751654
SR20-05580015;311IOC;311 City Services;Completed;2020-12-06 10:01:48;2111;W;Lexington;ST;NEAR WEST SIDE;41.871831278;-87.679846219
SR20-05580016;SRRP;Streets and Sanitation;Completed;2020-12-06 10:02:24;2006;W;ARTHUR;AVE;WEST RIDGE;41.999937398;-87.680644617
SR20-05580017;PCC;CDOT - Department of Transportation;Completed;2020-12-06 10:02:30;3258;W;111TH;ST;MOUNT GREENWOOD;41.69156882;-87.703132182
SR20-05580020;AVN;Aviation;Completed;2020-12-06 10:04:10;10510;W;ZEMKE;RD;OHARE;41.994896549;-87.887751654
SR20-05580021;311IOC;311 City Services;Completed;2020-12-06 10:04:15;2111;W;Lexington;ST;NEAR WEST SIDE;41.871831278;-87.679846219
SR20-05580023;311IOC;311 City Services;Completed;2020-12-06 10:05:16;2111;W;Lexington;ST;NEAR WEST SIDE;41.871831278;-87.679846219
SR20-05580025;311IOC;311 City Services;Completed;2020-12-06 10:05:38;2111;W;Lexington;ST;NEAR WEST SIDE;41.871831278;-87.679846219
SR20-05580027;AVN;Aviation;Completed;2020-12-06 10:06:33;10510;W;ZEMKE;RD;OHARE;41.994896549;-87.887751654
SR20-05580028;311IOC;311 City Services;Completed;2020-12-06 10:07:03;2111;W;Lexington;ST;NEAR WEST SIDE;41.871831278;-87.679846219
SR20-05580029;311IOC;311 City Services;Completed;2020-12-06 10:07:46;2111;W;Lexington;ST;NEAR WEST SIDE;41.871831278;-87.679846219
SR20-05580030;311IOC;311 City Services;Completed;2020-12-06 10:08:17;2111;W;Lexington;ST;NEAR WEST SIDE;41.871831278;-87.679846219
SR20-05580031;AVN;Aviation;Completed;2020-12-06 10:09:15;10510;W;ZEMKE;RD;OHARE;41.994896549;-87.887751654
SR20-05580033;SGQ;Streets and Sanitation;Completed;2020-12-06 10:09:22;1926;W;GRAND;AVE;WEST TOWN;41.891048926;-87.675610338
SR20-05580034;311IOC;311 City Services;Completed;2020-12-06 10:09:42;2111;W;Lexington;ST;NEAR WEST SIDE;41.871831278;-87.679846219
SR20-05580035;311IOC;311 City Services;Completed;2020-12-06 10:10:53;2111;W;Lexington;ST;NEAR WEST SIDE;41.871831278;-87.679846219
SR20-05580036;311IOC;311 City Services;Completed;2020-12-06 10:10:59;2111;W;Lexington;ST;SOUTH DEERING;41.721992754;-87.561608082
SR20-05580037;AVN;Aviation;Completed;2020-12-06 10:11:24;10510;W;ZEMKE;RD;OHARE;41.994896549;-87.887751654
SR20-05580038;311IOC;311 City Services;Completed;2020-12-06 10:11:31;2111;W;Lexington;ST;NEAR WEST SIDE;41.871831278;-87.679846219
SR20-05580039;SDP;Streets and Sanitation;Completed;2020-12-06 10:11:55;1142;W;ALTGELD;ST;LINCOLN PARK;41.927352654;-87.657825042
SR20-05580042;311IOC;311 City Services;Completed;2020-12-06 10:12:29;2111;W;Lexington;ST;NEAR WEST SIDE;41.871831278;-87.679846219
SR20-05580044;311IOC;311 City Services;Completed;2020-12-06 10:12:52;2111;W;Lexington;ST;NEAR WEST SIDE;41.871831278;-87.679846219
SR20-05580045;311IOC;311 City Services;Completed;2020-12-06 10:12:53;2111;W;Lexington;ST;NEAR WEST SIDE;41.871831278;-87.679846219
SR20-05580046;311IOC;311 City Services;Completed;2020-12-06 10:13:02;2111;W;Lexington;ST;NEAR WEST SIDE;41.871831278;-87.679846219
SR20-05580049;311IOC;311 City Services;Completed;2020-12-06 10:14:21;2111;W;Lexington;ST;NEAR WEST SIDE;41.871831278;-87.679846219
SR20-05580050;311IOC;311 City Services;Completed;2020-12-06 10:14:24;2111;W;Lexington;ST;NEAR WEST SIDE;41.871831278;-87.679846219
SR20-05580051;311IOC;311 City Services;Completed;2020-12-06 10:14:29;2111;W;Lexington;ST;NEAR WEST SIDE;41.871831278;-87.679846219
SR20-05580052;311IOC;311 City Services;Completed;2020-12-06 10:14:33;2111;W;Lexington;ST;NEAR WEST SIDE;41.871831278;-87.679846219
SR20-05580053;AVN;Aviation;Completed;2020-12-06 10:15:03;10510;W;ZEMKE;RD;OHARE;41.994896549;-87.887751654
SR20-05580054;311IOC;311 City Services;Completed;2020-12-06 10:15:28;2111;W;Lexington;ST;NEAR WEST SIDE;41.871831278;-87.679846219
SR20-05580055;311IOC;311 City Services;Completed;2020-12-06 10:15:39;2111;W;Lexington;ST;NEAR WEST SIDE;41.871831278;-87.679846219
SR20-05580058;311IOC;311 City Services;Completed;2020-12-06 10:17:07;2111;W;Lexington;ST;NEAR WEST SIDE;41.871831278;-87.679846219
SR20-05580059;311IOC;311 City Services;Completed;2020-12-06 10:17:51;2111;W;Lexington;ST;NEAR WEST SIDE;41.871831278;-87.679846219
SR20-05580060;311IOC;311 City Services;Completed;2020-12-06 10:19:12;2111;W;Lexington;ST;NEAR WEST SIDE;41.871831278;-87.679846219
SR20-05580061;AVN;Aviation;Completed;2020-12-06 10:19:22;10510;W;ZEMKE;RD;OHARE;41.994896549;-87.887751654
SR20-05580062;311IOC;311 City Services;Completed;2020-12-06 10:19:35;2111;W;Lexington;ST;NEAR WEST SIDE;41.871831278;-87.679846219
SR20-05580064;311IOC;311 City Services;Completed;2020-12-06 10:20:18;2111;W;Lexington;ST;NEAR WEST SIDE;41.871831278;-87.679846219
SR20-05580065;311IOC;311 City Services;Completed;2020-12-06 10:20:34;2111;W;Lexington;ST;NEAR WEST SIDE;41.871831278;-87.679846219
SR20-05580066;311IOC;311 City Services;Completed;2020-12-06 10:21:09;2111;W;Lexington;ST;NEAR WEST SIDE;41.871831278;-87.679846219
SR20-05580067;311IOC;311 City Services;Completed;2020-12-06 10:21:40;2111;W;Lexington;ST;NEAR WEST SIDE;41.871831278;-87.679846219
SR20-05580068;AVN;Aviation;Completed;2020-12-06 10:22:14;10510;W;ZEMKE;RD;OHARE;41.994896549;-87.887751654
SR20-05580069;311IOC;311 City Services;Completed;2020-12-06 10:22:16;2111;W;Lexington;ST;NEAR WEST SIDE;41.871831278;-87.679846219
SR20-05580071;311IOC;311 City Services;Completed;2020-12-06 10:22:25;2111;W;Lexington;ST;NEAR WEST SIDE;41.871831278;-87.679846219
SR20-05580074;SFN;CDOT - Department of Transportation;Completed;2020-12-06 10:23:02;3800;W;51ST;ST;WEST ELSDON;41.801035664;-87.719029728
SR20-05580076;311IOC;311 City Services;Completed;2020-12-06 10:23:58;2111;W;Lexington;ST;NEAR WEST SIDE;41.871831278;-87.679846219
SR20-05580077;PCE;CDOT - Department of Transportation;Completed;2020-12-06 10:25:00;2255;W;50TH;PL;GAGE PARK;41.802042853;-87.681625054
SR20-05580080;AVN;Aviation;Completed;2020-12-06 10:25:23;10510;W;ZEMKE;RD;OHARE;41.994896549;-87.887751654
SR20-05580083;311IOC;311 City Services;Completed;2020-12-06 10:26:13;2111;W;Lexington;ST;NEAR WEST SIDE;41.871831278;-87.679846219
SR20-05580084;AVN;Aviation;Completed;2020-12-06 10:26:15;10510;W;ZEMKE;RD;OHARE;41.994896549;-87.887751654
SR20-05580085;PCE;CDOT - Department of Transportation;Completed;2020-12-06 10:26:39;2306;W;CONGRESS;PKWY;NEAR WEST SIDE;41.874998075;-87.684153142
SR20-05580086;311IOC;311 City Services;Completed;2020-12-06 10:27:01;2111;W;Lexington;ST;NEAR WEST SIDE;41.871831278;-87.679846219
SR20-05580087;311IOC;311 City Services;Completed;2020-12-06 10:27:33;2111;W;Lexington;ST;NEAR WEST SIDE;41.871831278;-87.679846219
SR20-05580088;311IOC;311 City Services;Completed;2020-12-06 10:27:49;2111;W;Lexington;ST;NEAR WEST SIDE;41.871831278;-87.679846219
SR20-05580089;AVN;Aviation;Completed;2020-12-06 10:27:54;10510;W;ZEMKE;RD;OHARE;41.994896549;-87.887751654
SR20-05580090;311IOC;311 City Services;Completed;2020-12-06 10:27:59;2111;W;Lexington;ST;NEAR WEST SIDE;41.871831278;-87.679846219
SR20-05580092;311IOC;311 City Services;Completed;2020-12-06 10:28:35;2111;W;Lexington;ST;NEAR WEST SIDE;41.871831278;-87.679846219
SR20-05580093;311IOC;311 City Services;Completed;2020-12-06 10:28:51;2111;W;Lexington;ST;NEAR WEST SIDE;41.871831278;-87.679846219
SR20-05580095;311IOC;311 City Services;Completed;2020-12-06 10:28:59;2111;W;Lexington;ST;NEAR WEST SIDE;41.871831278;-87.679846219
SR20-05580096;311IOC;311 City Services;Completed;2020-12-06 10:29:24;2111;W;Lexington;ST;NEAR WEST SIDE;41.871831278;-87.679846219
SR20-05580097;311IOC;311 City Services;Completed;2020-12-06 10:29:43;2111;W;Lexington;ST;NEAR WEST SIDE;41.871831278;-87.679846219
SR20-05580098;311IOC;311 City Services;Completed;2020-12-06 10:30:55;2111;W;Lexington;ST;NEAR WEST SIDE;41.871831278;-87.679846219
SR20-05580099;AVN;Aviation;Completed;2020-12-06 10:31:02;10510;W;ZEMKE;RD;OHARE;41.994896549;-87.887751654
SR20-05580100;311IOC;311 City Services;Completed;2020-12-06 10:31:20;2111;W;Lexington;ST;NEAR WEST SIDE;41.871831278;-87.679846219
SR20-05580101;PCE;CDOT - Department of Transportation;Completed;2020-12-06 10:31:34;645;W;18TH;ST;LOWER WEST SIDE;41.857598346;-87.643788375
SR20-05580102;GRAF;Streets and Sanitation;Completed;2020-12-06 10:31:36;2300;W;50TH;PL;GAGE PARK;41.802279559;-87.681985572
SR20-05580103;311IOC;311 City Services;Completed;2020-12-06 10:31:38;2111;W;Lexington;ST;NEAR WEST SIDE;41.871831278;-87.679846219
SR20-05580104;GRAF;Streets and Sanitation;Completed;2020-12-06 10:32:51;2108;W;47TH;ST;NEW CITY;41.808530354;-87.677517992
SR20-05580106;GRAF;Streets and Sanitation;Completed;2020-12-06 10:32:55;444;W;18TH;ST;NEAR WEST SIDE;41.85770467;-87.638667136
SR20-05580107;311IOC;311 City Services;Completed;2020-12-06 10:33:03;2111;W;Lexington;ST;NEAR WEST SIDE;41.871831278;-87.679846219
SR20-05580108;311IOC;311 City Services;Completed;2020-12-06 10:33:08;2111;W;Lexington;ST;NEAR WEST SIDE;41.871831278;-87.679846219
SR20-05580109;311IOC;311 City Services;Completed;2020-12-06 10:34:07;2111;W;Lexington;ST;NEAR WEST SIDE;41.871831278;-87.679846219
SR20-05580110;PHF;CDOT - Department of Transportation;Completed;2020-12-06 10:34:15;5058;W;AINSLIE;ST;JEFFERSON PARK;41.969771399;-87.755108062
SR20-05580111;AVN;Aviation;Completed;2020-12-06 10:34:29;10510;W;ZEMKE;RD;OHARE;41.994896549;-87.887751654
SR20-05580112;AVN;Aviation;Completed;2020-12-06 10:34:40;10510;W;ZEMKE;RD;OHARE;41.994896549;-87.887751654
SR20-05580116;AVN;Aviation;Completed;2020-12-06 10:35:20;10510;W;ZEMKE;RD;OHARE;41.994896549;-87.887751654
SR20-05580118;SGA;Streets and Sanitation;Completed;2020-12-06 10:35:38;4157;W;KAMERLING;AVE;HUMBOLDT PARK;41.905128618;-87.731130539
SR20-05580119;AVN;Aviation;Completed;2020-12-06 10:36:08;10510;W;ZEMKE;RD;OHARE;41.994896549;-87.887751654
SR20-05580122;311IOC;311 City Services;Completed;2020-12-06 10:36:42;2111;W;Lexington;ST;NEAR WEST SIDE;41.871831278;-87.679846219
SR20-05580123;311IOC;311 City Services;Completed;2020-12-06 10:36:57;2111;W;Lexington;ST;NEAR WEST SIDE;41.871831278;-87.679846219
SR20-05580124;AVN;Aviation;Completed;2020-12-06 10:37:05;10510;W;ZEMKE;RD;OHARE;41.994896549;-87.887751654
SR20-05580125;AVN;Aviation;Completed;2020-12-06 10:37:52;10510;W;ZEMKE;RD;OHARE;41.994896549;-87.887751654
SR20-05580127;311IOC;311 City Services;Completed;2020-12-06 10:38:39;2111;W;Lexington;ST;NEAR WEST SIDE;41.871831278;-87.679846219
SR20-05580128;AVN;Aviation;Completed;2020-12-06 10:38:39;10510;W;ZEMKE;RD;OHARE;41.994896549;-87.887751654
SR20-05580130;311IOC;311 City Services;Completed;2020-12-06 10:39:17;2111;W;Lexington;ST;NEAR WEST SIDE;41.871831278;-87.679846219
SR20-05580131;AVN;Aviation;Completed;2020-12-06 10:39:22;10510;W;ZEMKE;RD;OHARE;41.994896549;-87.887751654
SR20-05580132;311IOC;311 City Services;Completed;2020-12-06 10:39:29;2111;W;Lexington;ST;NEAR WEST SIDE;41.871831278;-87.679846219
SR20-05580133;AVN;Aviation;Completed;2020-12-06 10:40:16;10510;W;ZEMKE;RD;OHARE;41.994896549;-87.887751654
SR20-05580134;AVN;Aviation;Completed;2020-12-06 10:40:56;10510;W;ZEMKE;RD;OHARE;41.994896549;-87.887751654
SR20-05580135;311IOC;311 City Services;Completed;2020-12-06 10:41:01;2111;W;Lexington;ST;NEAR WEST SIDE;41.871831278;-87.679846219
SR20-05580136;311IOC;311 City Services;Completed;2020-12-06 10:41:23;2111;W;Lexington;ST;NEAR WEST SIDE;41.871831278;-87.679846219
SR20-05580138;311IOC;311 City Services;Completed;2020-12-06 10:41:41;2111;W;Lexington;ST;NEAR WEST SIDE;41.871831278;-87.679846219
SR20-05580139;AVN;Aviation;Completed;2020-12-06 10:42:06;10510;W;ZEMKE;RD;OHARE;41.994896549;-87.887751654
SR20-05580140;311IOC;311 City Services;Completed;2020-12-06 10:42:51;2111;W;Lexington;ST;NEAR WEST SIDE;41.871831278;-87.679846219
SR20-05580142;AVN;Aviation;Completed;2020-12-06 10:44:08;10510;W;ZEMKE;RD;OHARE;41.994896549;-87.887751654
SR20-05580144;311IOC;311 City Services;Completed;2020-12-06 10:44:53;2111;W;Lexington;ST;NEAR WEST SIDE;41.871831278;-87.679846219
SR20-05580145;AVN;Aviation;Completed;2020-12-06 10:44:58;10510;W;ZEMKE;RD;OHARE;41.994896549;-87.887751654
SR20-05580147;AVN;Aviation;Completed;2020-12-06 10:45:46;10510;W;ZEMKE;RD;OHARE;41.994896549;-87.887751654
SR20-05580149;311IOC;311 City Services;Completed;2020-12-06 10:47:10;2111;W;Lexington;ST;AVONDALE;41.934505857;-87.729519099
SR20-05580152;311IOC;311 City Services;Completed;2020-12-06 10:47:41;2111;W;Lexington;ST;NEAR WEST SIDE;41.871831278;-87.679846219
SR20-05580153;311IOC;311 City Services;Completed;2020-12-06 10:47:54;2111;W;Lexington;ST;NEAR WEST SIDE;41.871831278;-87.679846219
SR20-05580154;311IOC;311 City Services;Completed;2020-12-06 10:48:32;2111;W;Lexington;ST;NEAR WEST SIDE;41.871831278;-87.679846219
SR20-05580157;SCC;Streets and Sanitation;Completed;2020-12-06 10:50:26;2918;W;PALMER;ST;LOGAN SQUARE;41.921856669;-87.700939103
SR20-05580158;311IOC;311 City Services;Completed;2020-12-06 10:50:40;2111;W;Lexington;ST;NEAR WEST SIDE;41.871831278;-87.679846219
SR20-05580159;SGQ;Streets and Sanitation;Completed;2020-12-06 10:50:44;2759;W;NORTH;AVE;WEST TOWN;41.910225195;-87.697040637
SR20-05580160;311IOC;311 City Services;Completed;2020-12-06 10:51:24;2111;W;Lexington;ST;NEAR WEST SIDE;41.871831278;-87.679846219
SR20-05580161;311IOC;311 City Services;Completed;2020-12-06 10:51:42;2111;W;Lexington;ST;NEAR WEST SIDE;41.871831278;-87.679846219
SR20-05580163;311IOC;311 City Services;Completed;2020-12-06 10:52:06;2111;W;Lexington;ST;NEAR WEST SIDE;41.871831278;-87.679846219
SR20-05580164;311IOC;311 City Services;Completed;2020-12-06 10:52:45;2111;W;Lexington;ST;NEAR WEST SIDE;41.871831278;-87.679846219
SR20-05580165;311IOC;311 City Services;Completed;2020-12-06 10:52:49;2111;W;Lexington;ST;NEAR WEST SIDE;41.871831278;-87.679846219
SR20-05580166;PCB;CDOT - Department of Transportation;Completed;2020-12-06 10:54:11;2398;W;106TH;ST;BEVERLY;41.700983461;-87.681328181
SR20-05580167;311IOC;311 City Services;Completed;2020-12-06 10:54:27;2111;W;Lexington;ST;NEAR WEST SIDE;41.871831278;-87.679846219
SR20-05580169;311IOC;311 City Services;Completed;2020-12-06 10:55:01;2111;W;Lexington;ST;NEAR WEST SIDE;41.871831278;-87.679846219
SR20-05580171;311IOC;311 City Services;Completed;2020-12-06 10:55:24;2111;W;Lexington;ST;NEAR WEST SIDE;41.871831278;-87.679846219
SR20-05580172;AVN;Aviation;Completed;2020-12-06 10:55:39;10510;W;ZEMKE;RD;OHARE;41.994896549;-87.887751654
SR20-05580173;311IOC;311 City Services;Completed;2020-12-06 10:55:46;2111;W;Lexington;ST;NEAR WEST SIDE;41.871831278;-87.679846219
SR20-05580174;311IOC;311 City Services;Completed;2020-12-06 10:56:27;2111;W;Lexington;ST;NEAR WEST SIDE;41.871831278;-87.679846219
SR20-05580175;AVN;Aviation;Completed;2020-12-06 10:56:36;10510;W;ZEMKE;RD;OHARE;41.994896549;-87.887751654
SR20-05580176;311IOC;311 City Services;Completed;2020-12-06 10:56:40;2111;W;Lexington;ST;NEAR WEST SIDE;41.871831278;-87.679846219
SR20-05580177;311IOC;311 City Services;Completed;2020-12-06 10:56:57;2111;W;Lexington;ST;NEAR WEST SIDE;41.871831278;-87.679846219
SR20-05580178;AVN;Aviation;Completed;2020-12-06 10:57:14;10510;W;ZEMKE;RD;OHARE;41.994896549;-87.887751654
SR20-05580179;311IOC;311 City Services;Completed;2020-12-06 10:57:26;2111;W;Lexington;ST;NEAR WEST SIDE;41.871831278;-87.679846219
SR20-05580180;AVN;Aviation;Completed;2020-12-06 10:57:43;10510;W;ZEMKE;RD;OHARE;41.994896549;-87.887751654
SR20-05580181;311IOC;311 City Services;Completed;2020-12-06 10:57:57;2111;W;Lexington;ST;NEAR WEST SIDE;41.871831278;-87.679846219
SR20-05580183;AVN;Aviation;Completed;2020-12-06 10:58:19;10510;W;ZEMKE;RD;OHARE;41.994896549;-87.887751654
SR20-05580184;311IOC;311 City Services;Completed;2020-12-06 10:58:42;2111;W;Lexington;ST;NEAR WEST SIDE;41.871831278;-87.679846219
SR20-05580185;311IOC;311 City Services;Completed;2020-12-06 10:58:47;2111;W;Lexington;ST;NEAR WEST SIDE;41.871831278;-87.679846219
SR20-05580187;311IOC;311 City Services;Completed;2020-12-06 10:59:28;2111;W;Lexington;ST;NEAR WEST SIDE;41.871831278;-87.679846219
SR20-05580190;BBA;DOB - Buildings;Completed;2020-12-06 11:00:25;1844;W;18TH;ST;LOWER WEST SIDE;41.857872657;-87.672860538
SR20-05580191;311IOC;311 City Services;Completed;2020-12-06 11:00:27;2111;W;Lexington;ST;NEAR WEST SIDE;41.871831278;-87.679846219
SR20-05580194;311IOC;311 City Services;Completed;2020-12-06 11:00:35;2111;W;Lexington;ST;UPTOWN;41.965576906;-87.650136846
SR20-05580198;311IOC;311 City Services;Completed;2020-12-06 11:00:53;2111;W;Lexington;ST;NEAR WEST SIDE;41.871831278;-87.679846219
SR20-05580200;311IOC;311 City Services;Completed;2020-12-06 11:00:54;2111;W;Lexington;ST;NEAR WEST SIDE;41.871831278;-87.679846219
SR20-05580201;311IOC;311 City Services;Completed;2020-12-06 11:01:07;2111;W;Lexington;ST;NEAR WEST SIDE;41.871831278;-87.679846219
SR20-05580202;311IOC;311 City Services;Completed;2020-12-06 11:01:46;2111;W;Lexington;ST;NEAR WEST SIDE;41.871831278;-87.679846219
SR20-05580203;AVN;Aviation;Completed;2020-12-06 11:02:19;10510;W;ZEMKE;RD;OHARE;41.994896549;-87.887751654
SR20-05580204;311IOC;311 City Services;Completed;2020-12-06 11:02:27;2111;W;Lexington;ST;NEAR WEST SIDE;41.871831278;-87.679846219
SR20-05580205;311IOC;311 City Services;Completed;2020-12-06 11:03:00;2111;W;Lexington;ST;NEAR WEST SIDE;41.871831278;-87.679846219
SR20-05580206;311IOC;311 City Services;Completed;2020-12-06 11:03:41;2111;W;Lexington;ST;NEAR WEST SIDE;41.871831278;-87.679846219
SR20-05580209;311IOC;311 City Services;Completed;2020-12-06 11:06:18;2111;W;Lexington;ST;NEAR WEST SIDE;41.871831278;-87.679846219
SR20-05580217;AVN;Aviation;Completed;2020-12-06 11:09:16;10510;W;ZEMKE;RD;OHARE;41.994896549;-87.887751654
SR20-05580219;311IOC;311 City Services;Completed;2020-12-06 11:10:04;2111;W;Lexington;ST;NEAR WEST SIDE;41.871831278;-87.679846219
SR20-05580221;311IOC;311 City Services;Completed;2020-12-06 11:10:24;2111;W;Lexington;ST;WOODLAWN;41.782508287;-87.612351996
SR20-05580222;311IOC;311 City Services;Completed;2020-12-06 11:11:57;2111;W;Lexington;ST;NEAR WEST SIDE;41.871831278;-87.679846219
SR20-05580223;311IOC;311 City Services;Completed;2020-12-06 11:11:58;2111;W;Lexington;ST;NEAR WEST SIDE;41.871831278;-87.679846219
SR20-05580224;311IOC;311 City Services;Completed;2020-12-06 11:12:16;2111;W;Lexington;ST;NEAR WEST SIDE;41.871831278;-87.679846219
SR20-05580225;311IOC;311 City Services;Completed;2020-12-06 11:12:25;2111;W;Lexington;ST;NEAR WEST SIDE;41.871831278;-87.679846219
SR20-05580226;AVN;Aviation;Completed;2020-12-06 11:12:59;10510;W;ZEMKE;RD;OHARE;41.994896549;-87.887751654
SR20-05580231;311IOC;311 City Services;Completed;2020-12-06 11:16:33;2111;W;Lexington;ST;NEAR WEST SIDE;41.871831278;-87.679846219
SR20-05580233;AVN;Aviation;Completed;2020-12-06 11:16:44;10510;W;ZEMKE;RD;OHARE;41.994896549;-87.887751654
SR20-05580234;SEF;Streets and Sanitation;Completed;2020-12-06 11:16:51;459;W;28TH;PL;BRIDGEPORT;41.842502413;-87.638889165
SR20-05580235;SDP;Streets and Sanitation;Completed;2020-12-06 11:17:32;3109;W;59TH;ST;CHICAGO LAWN;41.786023681;-87.701379445
SR20-05580236;311IOC;311 City Services;Completed;2020-12-06 11:17:41;2111;W;Lexington;ST;NEAR WEST SIDE;41.871831278;-87.679846219
SR20-05580237;SIE;Streets and Sanitation;Completed;2020-12-06 11:18:06;7051;W;HIGGINS;AVE;NORWOOD PARK;41.980344686;-87.804313633
SR20-05580238;311IOC;311 City Services;Completed;2020-12-06 11:18:39;2111;W;Lexington;ST;NEAR WEST SIDE;41.871831278;-87.679846219
SR20-05580239;PBD;CDOT - Department of Transportation;Completed;2020-12-06 11:18:54;3109;W;59TH;ST;CHICAGO LAWN;41.786023681;-87.701379445
SR20-05580240;AVN;Aviation;Completed;2020-12-06 11:18:54;10510;W;ZEMKE;RD;OHARE;41.994896549;-87.887751654
SR20-05580241;311IOC;311 City Services;Completed;2020-12-06 11:18:58;2111;W;Lexington;ST;NEAR WEST SIDE;41.871831278;-87.679846219
SR20-05580243;SCX;Streets and Sanitation;Completed;2020-12-06 11:20:03;7051;W;HIGGINS;AVE;NORWOOD PARK;41.980344686;-87.804313633
SR20-05580244;SDP;Streets and Sanitation;Completed;2020-12-06 11:20:10;2001;W;GRAND;AVE;WEST TOWN;41.890831753;-87.676914517
SR20-05580245;AVN;Aviation;Completed;2020-12-06 11:20:16;10510;W;ZEMKE;RD;OHARE;41.994896549;-87.887751654
SR20-05580246;SCC;Streets and Sanitation;Completed;2020-12-06 11:20:26;651;W;ELM;ST;NEAR NORTH SIDE;41.902413044;-87.645225167
SR20-05580247;311IOC;311 City Services;Completed;2020-12-06 11:20:30;2111;W;Lexington;ST;NEAR WEST SIDE;41.871831278;-87.679846219
SR20-05580248;311IOC;311 City Services;Completed;2020-12-06 11:21:06;2111;W;Lexington;ST;NEAR WEST SIDE;41.871831278;-87.679846219
SR20-05580249;AVN;Aviation;Completed;2020-12-06 11:21:21;10510;W;ZEMKE;RD;OHARE;41.994896549;-87.887751654
SR20-05580250;311IOC;311 City Services;Completed;2020-12-06 11:21:27;2111;W;Lexington;ST;NEAR WEST SIDE;41.871831278;-87.679846219
SR20-05580251;AVN;Aviation;Completed;2020-12-06 11:21:36;10510;W;ZEMKE;RD;OHARE;41.994896549;-87.887751654
SR20-05580252;SRRC;Streets and Sanitation;Canceled;2020-12-06 11:21:47;7051;W;HIGGINS;AVE;NORWOOD PARK;41.980344686;-87.804313633
SR20-05580253;311IOC;311 City Services;Completed;2020-12-06 11:22:56;2111;W;Lexington;ST;NEAR WEST SIDE;41.871831278;-87.679846219
SR20-05580254;SGQ;Streets and Sanitation;Completed;2020-12-06 11:23:05;3811;W;46TH;ST;ARCHER HEIGHTS;41.809559342;-87.719248533
SR20-05580255;311IOC;311 City Services;Completed;2020-12-06 11:23:23;2111;W;Lexington;ST;NEAR WEST SIDE;41.871831278;-87.679846219
SR20-05580256;AVN;Aviation;Completed;2020-12-06 11:23:31;10510;W;ZEMKE;RD;OHARE;41.994896549;-87.887751654
SR20-05580257;RBL;BACP - Business Affairs and Consumer Protection;Completed;2020-12-06 11:23:36;500;W;MADISON;ST;NEAR WEST SIDE;41.88239806;-87.640477958
SR20-05580258;311IOC;311 City Services;Completed;2020-12-06 11:23:54;2111;W;Lexington;ST;NEAR WEST SIDE;41.871831278;-87.679846219
SR20-05580259;AVN;Aviation;Completed;2020-12-06 11:24:02;10510;W;ZEMKE;RD;OHARE;41.994896549;-87.887751654
SR20-05580260;SIE;Streets and Sanitation;Completed;2020-12-06 11:24:44;1315;W;ERIE;ST;WEST TOWN;41.893257699;-87.660226761
SR20-05580262;AVN;Aviation;Completed;2020-12-06 11:25:05;10510;W;ZEMKE;RD;OHARE;41.994896549;-87.887751654
SR20-05580264;311IOC;311 City Services;Completed;2020-12-06 11:25:28;2111;W;Lexington;ST;NEAR WEST SIDE;41.871831278;-87.679846219
SR20-05580265;311IOC;311 City Services;Completed;2020-12-06 11:25:33;2111;W;Lexington;ST;NEAR WEST SIDE;41.871831278;-87.679846219
SR20-05580266;311IOC;311 City Services;Completed;2020-12-06 11:26:16;2111;W;Lexington;ST;NEAR WEST SIDE;41.871831278;-87.679846219
SR20-05580267;AVN;Aviation;Completed;2020-12-06 11:26:18;10510;W;ZEMKE;RD;OHARE;41.994896549;-87.887751654
SR20-05580268;AVN;Aviation;Completed;2020-12-06 11:26:34;10510;W;ZEMKE;RD;OHARE;41.994896549;-87.887751654
SR20-05580269;311IOC;311 City Services;Completed;2020-12-06 11:26:48;2111;W;Lexington;ST;NEAR WEST SIDE;41.871831278;-87.679846219
SR20-05580270;AVN;Aviation;Completed;2020-12-06 11:27:07;10510;W;ZEMKE;RD;OHARE;41.994896549;-87.887751654
SR20-05580272;AVN;Aviation;Completed;2020-12-06 11:27:43;10510;W;ZEMKE;RD;OHARE;41.994896549;-87.887751654
SR20-05580273;AVN;Aviation;Completed;2020-12-06 11:28:03;10510;W;ZEMKE;RD;OHARE;41.994896549;-87.887751654
SR20-05580274;311IOC;311 City Services;Completed;2020-12-06 11:28:04;2111;W;Lexington;ST;NEAR WEST SIDE;41.871831278;-87.679846219
SR20-05580275;311IOC;311 City Services;Completed;2020-12-06 11:28:27;2111;W;Lexington;ST;NEAR WEST SIDE;41.871831278;-87.679846219
SR20-05580276;AVN;Aviation;Completed;2020-12-06 11:28:33;10510;W;ZEMKE;RD;OHARE;41.994896549;-87.887751654
SR20-05580277;AVN;Aviation;Completed;2020-12-06 11:28:40;10510;W;ZEMKE;RD;OHARE;41.994896549;-87.887751654
SR20-05580278;311IOC;311 City Services;Completed;2020-12-06 11:29:06;2111;W;Lexington;ST;NEAR WEST SIDE;41.871831278;-87.679846219
SR20-05580279;AVN;Aviation;Completed;2020-12-06 11:29:28;10510;W;ZEMKE;RD;OHARE;41.994896549;-87.887751654
SR20-05580280;SDR;Streets and Sanitation;Completed;2020-12-06 11:29:36;3816;W;THOMAS;ST;HUMBOLDT PARK;41.900916645;-87.722149871
SR20-05580281;AVN;Aviation;Completed;2020-12-06 11:29:40;10510;W;ZEMKE;RD;OHARE;41.994896549;-87.887751654
SR20-05580282;311IOC;311 City Services;Completed;2020-12-06 11:30:14;2111;W;Lexington;ST;NEAR WEST SIDE;41.871831278;-87.679846219
SR20-05580283;311IOC;311 City Services;Completed;2020-12-06 11:30:21;2111;W;Lexington;ST;NEAR WEST SIDE;41.871831278;-87.679846219
SR20-05580285;AVN;Aviation;Completed;2020-12-06 11:31:19;10510;W;ZEMKE;RD;OHARE;41.994896549;-87.887751654
SR20-05580286;311IOC;311 City Services;Completed;2020-12-06 11:31:29;2111;W;Lexington;ST;NEAR WEST SIDE;41.871831278;-87.679846219
SR20-05580287;AVN;Aviation;Completed;2020-12-06 11:32:37;10510;W;ZEMKE;RD;OHARE;41.994896549;-87.887751654
SR20-05580288;SCQ;Streets and Sanitation;Completed;2020-12-06 11:32:53;2109;W;GRACE;ST;NORTH CENTER;41.95025848;-87.681514634
SR20-05580289;AVN;Aviation;Completed;2020-12-06 11:33:01;10510;W;ZEMKE;RD;OHARE;41.994896549;-87.887751654
SR20-05580291;PHF;CDOT - Department of Transportation;Completed;2020-12-06 11:33:44;3705;W;69TH;ST;WEST LAWN;41.767639711;-87.715421124
SR20-05580292;AVN;Aviation;Completed;2020-12-06 11:34:02;10510;W;ZEMKE;RD;OHARE;41.994896549;-87.887751654
SR20-05580293;311IOC;311 City Services;Completed;2020-12-06 11:34:05;2111;W;Lexington;ST;NEAR WEST SIDE;41.871831278;-87.679846219
SR20-05580294;PHF;CDOT - Department of Transportation;Completed;2020-12-06 11:34:13;3727;W;69TH;ST;WEST LAWN;41.76780682;-87.716250568
SR20-05580296;PHF;CDOT - Department of Transportation;Completed;2020-12-06 11:35:07;3639;W;69TH;ST;WEST LAWN;41.767664809;-87.714383947
SR20-05580300;311IOC;311 City Services;Completed;2020-12-06 11:35:29;2111;W;Lexington;ST;NEAR WEST SIDE;41.871831278;-87.679846219
SR20-05580301;PHF;CDOT - Department of Transportation;Completed;2020-12-06 11:35:33;3712;W;69TH;PL;WEST LAWN;41.767137501;-87.715740696
SR20-05580305;PHF;CDOT - Department of Transportation;Completed;2020-12-06 11:36:01;3718;W;70TH;ST;WEST LAWN;41.766221463;-87.715936622
SR20-05580306;PHF;CDOT - Department of Transportation;Completed;2020-12-06 11:36:24;3718;W;70TH;PL;WEST LAWN;41.765333446;-87.715916959
SR20-05580307;SIE;Streets and Sanitation;Completed;2020-12-06 11:36:25;3118;W;40TH;PL;BRIGHTON PARK;41.820106574;-87.702796116
SR20-05580309;PHF;CDOT - Department of Transportation;Completed;2020-12-06 11:36:59;3817;W;70TH;PL;WEST LAWN;41.764880788;-87.718245484
SR20-05580310;AVN;Aviation;Completed;2020-12-06 11:37:06;10510;W;ZEMKE;RD;OHARE;41.994896549;-87.887751654
SR20-05580311;AVN;Aviation;Completed;2020-12-06 11:38:15;10510;W;ZEMKE;RD;OHARE;41.994896549;-87.887751654
SR20-05580312;311IOC;311 City Services;Completed;2020-12-06 11:38:41;2111;W;Lexington;ST;NEAR WEST SIDE;41.871831278;-87.679846219
SR20-05580313;AVN;Aviation;Completed;2020-12-06 11:38:57;10510;W;ZEMKE;RD;OHARE;41.994896549;-87.887751654
SR20-05580316;AVN;Aviation;Completed;2020-12-06 11:39:37;10510;W;ZEMKE;RD;OHARE;41.994896549;-87.887751654
SR20-05580317;AVN;Aviation;Completed;2020-12-06 11:39:43;10510;W;ZEMKE;RD;OHARE;41.994896549;-87.887751654
SR20-05580318;AVN;Aviation;Completed;2020-12-06 11:39:51;10510;W;ZEMKE;RD;OHARE;41.994896549;-87.887751654
SR20-05580319;AVN;Aviation;Completed;2020-12-06 11:40:06;10510;W;ZEMKE;RD;OHARE;41.994896549;-87.887751654
SR20-05580320;SKA;Streets and Sanitation;Completed;2020-12-06 11:40:44;2444;W;45TH;ST;BRIGHTON PARK;41.812246795;-87.686372518
SR20-05580321;311IOC;311 City Services;Completed;2020-12-06 11:40:51;2111;W;Lexington;ST;NEAR WEST SIDE;41.871831278;-87.679846219
SR20-05580323;AVN;Aviation;Completed;2020-12-06 11:41:21;10510;W;ZEMKE;RD;OHARE;41.994896549;-87.887751654
SR20-05580324;311IOC;311 City Services;Completed;2020-12-06 11:42:10;2111;W;Lexington;ST;NEAR WEST SIDE;41.871831278;-87.679846219
SR20-05580325;AVN;Aviation;Completed;2020-12-06 11:42:41;10510;W;ZEMKE;RD;OHARE;41.994896549;-87.887751654
SR20-05580327;311IOC;311 City Services;Completed;2020-12-06 11:43:52;2111;W;Lexington;ST;NEAR WEST SIDE;41.871831278;-87.679846219
SR20-05580328;AVN;Aviation;Completed;2020-12-06 11:44:07;10510;W;ZEMKE;RD;OHARE;41.994896549;-87.887751654
SR20-05580329;AVN;Aviation;Completed;2020-12-06 11:44:15;10510;W;ZEMKE;RD;OHARE;41.994896549;-87.887751654
SR20-05580330;GRAF;Streets and Sanitation;Completed;2020-12-06 11:44:28;1481;W;ERIE;ST;WEST TOWN;41.893158218;-87.665412706
SR20-05580331;AVN;Aviation;Completed;2020-12-06 11:44:43;10510;W;ZEMKE;RD;OHARE;41.994896549;-87.887751654
SR20-05580333;AVN;Aviation;Completed;2020-12-06 11:44:53;10510;W;ZEMKE;RD;OHARE;41.994896549;-87.887751654
SR20-05580334;311IOC;311 City Services;Completed;2020-12-06 11:45:14;2111;W;Lexington;ST;NEAR WEST SIDE;41.871831278;-87.679846219
SR20-05580336;AAD;DWM - Department of Water Management;Completed;2020-12-06 11:45:44;3526;W;79TH;PL;ASHBURN;41.748969957;-87.710782239
SR20-05580337;EAQ;Animal Care and Control;Completed;2020-12-06 11:46:16;504;W;80TH;ST;CHATHAM;41.748949041;-87.636956307
SR20-05580339;AVN;Aviation;Completed;2020-12-06 11:48:23;10510;W;ZEMKE;RD;OHARE;41.994896549;-87.887751654
SR20-05580340;AVN;Aviation;Completed;2020-12-06 11:48:30;10510;W;ZEMKE;RD;OHARE;41.994896549;-87.887751654
SR20-05580341;311IOC;311 City Services;Completed;2020-12-06 11:48:37;2111;W;Lexington;ST;NEAR WEST SIDE;41.871831278;-87.679846219
SR20-05580342;AVN;Aviation;Completed;2020-12-06 11:48:51;10510;W;ZEMKE;RD;OHARE;41.994896549;-87.887751654
SR20-05580343;AVN;Aviation;Completed;2020-12-06 11:49:07;10510;W;ZEMKE;RD;OHARE;41.994896549;-87.887751654
SR20-05580345;311IOC;311 City Services;Completed;2020-12-06 11:49:23;2111;W;Lexington;ST;NEAR WEST SIDE;41.871831278;-87.679846219
SR20-05580346;AVN;Aviation;Completed;2020-12-06 11:49:24;10510;W;ZEMKE;RD;OHARE;41.994896549;-87.887751654
SR20-05580347;AVN;Aviation;Completed;2020-12-06 11:49:39;10510;W;ZEMKE;RD;OHARE;41.994896549;-87.887751654
SR20-05580348;311IOC;311 City Services;Completed;2020-12-06 11:49:52;2111;W;Lexington;ST;NEAR WEST SIDE;41.871831278;-87.679846219
SR20-05580350;SFB;CDOT - Department of Transportation;Completed;2020-12-06 11:50:14;1940;W;TAYLOR;ST;NEAR WEST SIDE;41.869114115;-87.676321698
SR20-05580351;311IOC;311 City Services;Completed;2020-12-06 11:50:24;2111;W;Lexington;ST;NEAR WEST SIDE;41.871831278;-87.679846219
SR20-05580352;SCQ;Streets and Sanitation;Completed;2020-12-06 11:51:13;4929;W;ARGYLE;ST;FOREST GLEN;41.971444778;-87.751492634
SR20-05580353;AVN;Aviation;Completed;2020-12-06 11:51:16;10510;W;ZEMKE;RD;OHARE;41.994896549;-87.887751654
SR20-05580354;311IOC;311 City Services;Completed;2020-12-06 11:51:38;2111;W;Lexington;ST;NEAR WEST SIDE;41.871831278;-87.679846219
SR20-05580356;311IOC;311 City Services;Completed;2020-12-06 11:51:44;2111;W;Lexington;ST;NEAR WEST SIDE;41.871831278;-87.679846219
SR20-05580357;311IOC;311 City Services;Completed;2020-12-06 11:51:48;2111;W;Lexington;ST;NEAR WEST SIDE;41.871831278;-87.679846219
SR20-05580358;AVN;Aviation;Completed;2020-12-06 11:51:51;10510;W;ZEMKE;RD;OHARE;41.994896549;-87.887751654
SR20-05580359;AVN;Aviation;Completed;2020-12-06 11:51:58;10510;W;ZEMKE;RD;OHARE;41.994896549;-87.887751654
SR20-05580361;SGA;Streets and Sanitation;Completed;2020-12-06 11:52:11;1332;W;EDDY;ST;LAKE VIEW;41.946395367;-87.662977
SR20-05580363;AVN;Aviation;Completed;2020-12-06 11:52:53;10510;W;ZEMKE;RD;OHARE;41.994896549;-87.887751654
SR20-05580364;AVN;Aviation;Completed;2020-12-06 11:53:09;10510;W;ZEMKE;RD;OHARE;41.994896549;-87.887751654
SR20-05580365;311IOC;311 City Services;Completed;2020-12-06 11:53:46;2111;W;Lexington;ST;NEAR WEST SIDE;41.871831278;-87.679846219
SR20-05580366;AVN;Aviation;Completed;2020-12-06 11:54:22;10510;W;ZEMKE;RD;OHARE;41.994896549;-87.887751654
SR20-05580368;311IOC;311 City Services;Completed;2020-12-06 11:54:40;2111;W;Lexington;ST;NEAR WEST SIDE;41.871831278;-87.679846219
SR20-05580369;311IOC;311 City Services;Completed;2020-12-06 11:55:02;2111;W;Lexington;ST;NEAR WEST SIDE;41.871831278;-87.679846219
SR20-05580370;AVN;Aviation;Completed;2020-12-06 11:55:15;10510;W;ZEMKE;RD;OHARE;41.994896549;-87.887751654
SR20-05580371;311IOC;311 City Services;Completed;2020-12-06 11:55:53;2111;W;Lexington;ST;NEAR WEST SIDE;41.871831278;-87.679846219
SR20-05580373;AVN;Aviation;Completed;2020-12-06 11:56:35;10510;W;ZEMKE;RD;OHARE;41.994896549;-87.887751654
SR20-05580374;311IOC;311 City Services;Completed;2020-12-06 11:56:40;2111;W;Lexington;ST;NEAR WEST SIDE;41.871831278;-87.679846219
SR20-05580376;AVN;Aviation;Completed;2020-12-06 11:56:58;10510;W;ZEMKE;RD;OHARE;41.994896549;-87.887751654
SR20-05580377;BBK;DOB - Buildings;Completed;2020-12-06 11:57:14;2832;W;POLK;ST;EAST GARFIELD PARK;41.871253397;-87.69739963
SR20-05580378;AVN;Aviation;Completed;2020-12-06 11:57:36;10510;W;ZEMKE;RD;OHARE;41.994896549;-87.887751654
SR20-05580380;311IOC;311 City Services;Completed;2020-12-06 11:58:18;2111;W;Lexington;ST;NEAR WEST SIDE;41.871831278;-87.679846219
SR20-05580381;311IOC;311 City Services;Completed;2020-12-06 11:58:27;2111;W;Lexington;ST;NEAR WEST SIDE;41.871831278;-87.679846219
SR20-05580385;GRAF;Streets and Sanitation;Completed;2020-12-06 11:59:50;2414;W;CORTEZ;ST;WEST TOWN;41.900508567;-87.687660879
SR20-05580386;AVN;Aviation;Completed;2020-12-06 12:00:04;10510;W;ZEMKE;RD;OHARE;41.994896549;-87.887751654
SR20-05580387;311IOC;311 City Services;Completed;2020-12-06 12:00:42;2111;W;Lexington;ST;NEAR WEST SIDE;41.871831278;-87.679846219
SR20-05580388;AVN;Aviation;Completed;2020-12-06 12:00:45;10510;W;ZEMKE;RD;OHARE;41.994896549;-87.887751654
SR20-05580390;AVN;Aviation;Completed;2020-12-06 12:01:55;10510;W;ZEMKE;RD;OHARE;41.994896549;-87.887751654
SR20-05580391;AVN;Aviation;Completed;2020-12-06 12:02:03;10510;W;ZEMKE;RD;OHARE;41.994896549;-87.887751654
SR20-05580392;AVN;Aviation;Completed;2020-12-06 12:02:10;10510;W;ZEMKE;RD;OHARE;41.994896549;-87.887751654
SR20-05580394;AVN;Aviation;Completed;2020-12-06 12:02:56;10510;W;ZEMKE;RD;OHARE;41.994896549;-87.887751654
SR20-05580395;AVN;Aviation;Completed;2020-12-06 12:03:19;10510;W;ZEMKE;RD;OHARE;41.994896549;-87.887751654
SR20-05580396;AVN;Aviation;Completed;2020-12-06 12:03:24;10510;W;ZEMKE;RD;OHARE;41.994896549;-87.887751654
SR20-05580397;AVN;Aviation;Completed;2020-12-06 12:03:29;10510;W;ZEMKE;RD;OHARE;41.994896549;-87.887751654
SR20-05580398;PCE;CDOT - Department of Transportation;Completed;2020-12-06 12:03:39;1956;W;NORTH;AVE;WEST TOWN;41.910717205;-87.677215308
SR20-05580400;AVN;Aviation;Completed;2020-12-06 12:04:31;10510;W;ZEMKE;RD;OHARE;41.994896549;-87.887751654
SR20-05580401;AVN;Aviation;Completed;2020-12-06 12:04:37;10510;W;ZEMKE;RD;OHARE;41.994896549;-87.887751654
SR20-05580403;AVN;Aviation;Completed;2020-12-06 12:05:04;10510;W;ZEMKE;RD;OHARE;41.994896549;-87.887751654
SR20-05580404;AVN;Aviation;Completed;2020-12-06 12:05:14;10510;W;ZEMKE;RD;OHARE;41.994896549;-87.887751654
SR20-05580405;AVN;Aviation;Completed;2020-12-06 12:05:54;10510;W;ZEMKE;RD;OHARE;41.994896549;-87.887751654
SR20-05580406;311IOC;311 City Services;Completed;2020-12-06 12:06:06;2111;W;Lexington;ST;NEAR WEST SIDE;41.871831278;-87.679846219
SR20-05580407;AVN;Aviation;Completed;2020-12-06 12:06:27;10510;W;ZEMKE;RD;OHARE;41.994896549;-87.887751654
SR20-05580408;AVN;Aviation;Completed;2020-12-06 12:06:33;10510;W;ZEMKE;RD;OHARE;41.994896549;-87.887751654
SR20-05580409;AVN;Aviation;Completed;2020-12-06 12:06:42;10510;W;ZEMKE;RD;OHARE;41.994896549;-87.887751654
SR20-05580410;SIE;Streets and Sanitation;Completed;2020-12-06 12:06:47;2510;W;PERSHING;RD;BRIGHTON PARK;41.82312232;-87.687850018
SR20-05580411;WCA2;DWM - Department of Water Management;Open;2020-12-06 12:06:59;2041;W;NORTH;AVE;WEST TOWN;41.910219065;-87.679131279
SR20-05580412;AVN;Aviation;Completed;2020-12-06 12:07:13;10510;W;ZEMKE;RD;OHARE;41.994896549;-87.887751654
SR20-05580413;311IOC;311 City Services;Completed;2020-12-06 12:07:14;2111;W;Lexington;ST;NEAR WEST SIDE;41.871831278;-87.679846219
SR20-05580414;AVN;Aviation;Completed;2020-12-06 12:07:35;10510;W;ZEMKE;RD;OHARE;41.994896549;-87.887751654
SR20-05580415;311IOC;311 City Services;Completed;2020-12-06 12:07:44;2111;W;Lexington;ST;NEAR WEST SIDE;41.871831278;-87.679846219
SR20-05580416;PCE;CDOT - Department of Transportation;Completed;2020-12-06 12:07:47;2906;W;NORTH;AVE;WEST TOWN;41.910429958;-87.699461057
SR20-05580417;311IOC;311 City Services;Completed;2020-12-06 12:08:18;2111;W;Lexington;ST;NEAR WEST SIDE;41.871831278;-87.679846219
SR20-05580418;AVN;Aviation;Completed;2020-12-06 12:08:48;10510;W;ZEMKE;RD;OHARE;41.994896549;-87.887751654
SR20-05580419;311IOC;311 City Services;Completed;2020-12-06 12:08:54;2111;W;Lexington;ST;NEAR WEST SIDE;41.871831278;-87.679846219
SR20-05580420;311IOC;311 City Services;Completed;2020-12-06 12:09:05;2111;W;Lexington;ST;NEAR WEST SIDE;41.871831278;-87.679846219
SR20-05580421;AVN;Aviation;Completed;2020-12-06 12:09:09;10510;W;ZEMKE;RD;OHARE;41.994896549;-87.887751654
SR20-05580422;311IOC;311 City Services;Completed;2020-12-06 12:10:10;2111;W;Lexington;ST;NEAR WEST SIDE;41.871831278;-87.679846219
SR20-05580423;AVN;Aviation;Completed;2020-12-06 12:11:54;10510;W;ZEMKE;RD;OHARE;41.994896549;-87.887751654
SR20-05580425;AVN;Aviation;Completed;2020-12-06 12:12:00;10510;W;ZEMKE;RD;OHARE;41.994896549;-87.887751654
SR20-05580426;SEL;Streets and Sanitation;Completed;2020-12-06 12:12:17;3421;W;84TH;ST;ASHBURN;41.740379846;-87.707885224
SR20-05580429;AVN;Aviation;Completed;2020-12-06 12:12:54;10510;W;ZEMKE;RD;OHARE;41.994896549;-87.887751654
SR20-05580430;BBD;DOB - Buildings;Completed;2020-12-06 12:13:03;4342;W;AUGUSTA;BLVD;HUMBOLDT PARK;41.899067698;-87.735409906
SR20-05580432;AVN;Aviation;Completed;2020-12-06 12:13:19;10510;W;ZEMKE;RD;OHARE;41.994896549;-87.887751654
SR20-05580433;AVN;Aviation;Completed;2020-12-06 12:13:29;10510;W;ZEMKE;RD;OHARE;41.994896549;-87.887751654
SR20-05580434;311IOC;311 City Services;Completed;2020-12-06 12:13:34;2111;W;Lexington;ST;NEAR WEST SIDE;41.871831278;-87.679846219
SR20-05580435;AVN;Aviation;Completed;2020-12-06 12:14:08;10510;W;ZEMKE;RD;OHARE;41.994896549;-87.887751654
SR20-05580436;AVN;Aviation;Completed;2020-12-06 12:14:27;10510;W;ZEMKE;RD;OHARE;41.994896549;-87.887751654
SR20-05580437;311IOC;311 City Services;Completed;2020-12-06 12:14:32;2111;W;Lexington;ST;NEAR WEST SIDE;41.871831278;-87.679846219
SR20-05580439;AVN;Aviation;Completed;2020-12-06 12:14:37;10510;W;ZEMKE;RD;OHARE;41.994896549;-87.887751654
SR20-05580440;311IOC;311 City Services;Completed;2020-12-06 12:14:37;2111;W;Lexington;ST;NEAR WEST SIDE;41.871831278;-87.679846219
SR20-05580442;AVN;Aviation;Completed;2020-12-06 12:15:24;10510;W;ZEMKE;RD;OHARE;41.994896549;-87.887751654
SR20-05580443;311IOC;311 City Services;Completed;2020-12-06 12:15:24;2111;W;Lexington;ST;NEAR WEST SIDE;41.871831278;-87.679846219
SR20-05580444;AVN;Aviation;Completed;2020-12-06 12:15:33;10510;W;ZEMKE;RD;OHARE;41.994896549;-87.887751654
SR20-05580445;311IOC;311 City Services;Completed;2020-12-06 12:15:44;2111;W;Lexington;ST;NEAR WEST SIDE;41.871831278;-87.679846219
SR20-05580447;AVN;Aviation;Completed;2020-12-06 12:15:58;10510;W;ZEMKE;RD;OHARE;41.994896549;-87.887751654
SR20-05580448;AVN;Aviation;Completed;2020-12-06 12:16:06;10510;W;ZEMKE;RD;OHARE;41.994896549;-87.887751654
SR20-05580449;AVN;Aviation;Completed;2020-12-06 12:16:08;10510;W;ZEMKE;RD;OHARE;41.994896549;-87.887751654
SR20-05580450;311IOC;311 City Services;Completed;2020-12-06 12:16:35;2111;W;Lexington;ST;NEAR WEST SIDE;41.871831278;-87.679846219
SR20-05580451;AVN;Aviation;Completed;2020-12-06 12:16:51;10510;W;ZEMKE;RD;OHARE;41.994896549;-87.887751654
SR20-05580452;311IOC;311 City Services;Completed;2020-12-06 12:17:19;2111;W;Lexington;ST;NEAR WEST SIDE;41.871831278;-87.679846219
SR20-05580453;AVN;Aviation;Completed;2020-12-06 12:17:36;10510;W;ZEMKE;RD;OHARE;41.994896549;-87.887751654
SR20-05580456;SCB;Streets and Sanitation;Completed;2020-12-06 12:18:28;4342;W;AUGUSTA;BLVD;HUMBOLDT PARK;41.899067698;-87.735409906
SR20-05580457;AVN;Aviation;Completed;2020-12-06 12:18:56;10510;W;ZEMKE;RD;OHARE;41.994896549;-87.887751654
SR20-05580460;311IOC;311 City Services;Completed;2020-12-06 12:19:02;2111;W;Lexington;ST;NEAR WEST SIDE;41.871831278;-87.679846219
SR20-05580461;AVN;Aviation;Completed;2020-12-06 12:19:04;10510;W;ZEMKE;RD;OHARE;41.994896549;-87.887751654
SR20-05580462;AVN;Aviation;Completed;2020-12-06 12:19:14;10510;W;ZEMKE;RD;OHARE;41.994896549;-87.887751654
SR20-05580464;311IOC;311 City Services;Completed;2020-12-06 12:19:28;2111;W;Lexington;ST;NEAR WEST SIDE;41.871831278;-87.679846219
SR20-05580465;311IOC;311 City Services;Completed;2020-12-06 12:19:40;2111;W;Lexington;ST;NEAR WEST SIDE;41.871831278;-87.679846219
SR20-05580467;311IOC;311 City Services;Completed;2020-12-06 12:20:01;2111;W;Lexington;ST;NEAR WEST SIDE;41.871831278;-87.679846219
SR20-05580468;311IOC;311 City Services;Completed;2020-12-06 12:20:12;2111;W;Lexington;ST;NEAR WEST SIDE;41.871831278;-87.679846219
SR20-05580469;AVN;Aviation;Completed;2020-12-06 12:20:13;10510;W;ZEMKE;RD;OHARE;41.994896549;-87.887751654
SR20-05580470;AVN;Aviation;Completed;2020-12-06 12:20:19;10510;W;ZEMKE;RD;OHARE;41.994896549;-87.887751654
SR20-05580471;311IOC;311 City Services;Completed;2020-12-06 12:20:32;2111;W;Lexington;ST;NEAR WEST SIDE;41.871831278;-87.679846219
SR20-05580472;AVN;Aviation;Completed;2020-12-06 12:21:00;10510;W;ZEMKE;RD;OHARE;41.994896549;-87.887751654
SR20-05580474;AVN;Aviation;Completed;2020-12-06 12:21:04;10510;W;ZEMKE;RD;OHARE;41.994896549;-87.887751654
